[2026-10-06 11:05:17,423: DEBUG/MainProcess] | Worker: Preparing bootsteps.
[2026-10-06 11:05:17,515: DEBUG/MainProcess] | Worker: Building graph...
[2026-10-06 11:05:17,516: DEBUG/MainProcess] | Worker: New boot order: {StateDB, Timer, Hub, Pool, Autoscaler, Beat, Consumer}
[2026-10-06 11:05:17,762: DEBUG/MainProcess] | Consumer: Preparing bootsteps.
[2026-10-06 11:05:17,779: DEBUG/MainProcess] | Consumer: Building graph...
[2026-10-06 11:05:18,080: DEBUG/MainProcess] | Consumer: New boot order: {Connection, Events, Heart, Mingle, Tasks, DelayedDelivery, Control, Agent, Gossip, event loop}
 
 -------------- celery@MUTHUKRISHNAN v5.6.3 (recovery)
--- ***** ----- 
-- ******* ---- Linux-6.18.33.2-microsoft-standard-WSL2-x86_64-with-glibc2.39 2026-10-06 11:05:18
- *** --- * --- 
- ** ---------- [config]
- ** ---------- .> app:         digital_marketing_platform:0x7e1c437f03b0
- ** ---------- .> transport:   redis://default:**@172.26.170.28:6379/0
- ** ---------- .> results:     redis://default:**@172.26.170.28:6379/1
- *** --- * --- .> concurrency: 8 (prefork)
-- ******* ---- .> task events: OFF (enable -E to monitor tasks in this worker)
--- ***** ----- 
 -------------- [queues]
                .> celery           exchange=celery(direct) key=celery
                

[tasks]
  . apps.insights.tasks.reconcile_insights_sync_work_task
  . apps.insights.tasks.sync_account_insights_task
  . apps.insights.tasks.sync_instagram_content_batch_task
  . apps.integrations.instagram.tasks.maintain_instagram_tokens_task
  . apps.integrations.meta.tasks.maintain_meta_tokens_task
  . apps.notifications.tasks.send_email_event_task
  . apps.organizations.tasks.activate_scheduled_subscriptions_task
  . apps.organizations.tasks.expire_due_subscriptions_task
  . apps.organizations.tasks.send_plan_expiry_reminders_task
  . apps.posts.tasks.dispatch_due_posts_task
  . apps.posts.tasks.publish_post_task
  . apps.posts.tasks.reconcile_ambiguous_instagram_publishes_task
  . celery.accumulate
  . celery.backend_cleanup
  . celery.chain
  . celery.chord
  . celery.chord_unlock
  . celery.chunks
  . celery.group
  . celery.map
  . celery.starmap

[2026-10-06 11:05:18,268: DEBUG/MainProcess] | Worker: Starting Hub
[2026-10-06 11:05:18,269: DEBUG/MainProcess] ^-- substep ok
[2026-10-06 11:05:18,269: DEBUG/MainProcess] | Worker: Starting Pool
[2026-10-06 11:05:20,036: DEBUG/MainProcess] ^-- substep ok
[2026-10-06 11:05:20,037: DEBUG/MainProcess] | Worker: Starting Consumer
[2026-10-06 11:05:20,038: DEBUG/MainProcess] | Consumer: Starting Connection
[2026-10-06 11:05:20,058: DEBUG/MainProcess] Failed to enable maintenance notifications: unknown subcommand 'MAINT_NOTIFICATIONS'. Try CLIENT HELP.
[2026-10-06 11:05:20,153: DEBUG/MainProcess] Failed to enable maintenance notifications: unknown subcommand 'MAINT_NOTIFICATIONS'. Try CLIENT HELP.
[2026-10-06 11:05:20,156: INFO/MainProcess] Connected to redis://default:**@172.26.170.28:6379/0
[2026-10-06 11:05:20,156: DEBUG/MainProcess] ^-- substep ok
[2026-10-06 11:05:20,157: DEBUG/MainProcess] | Consumer: Starting Events
[2026-10-06 11:05:20,171: DEBUG/MainProcess] Failed to enable maintenance notifications: unknown subcommand 'MAINT_NOTIFICATIONS'. Try CLIENT HELP.
[2026-10-06 11:05:20,173: DEBUG/MainProcess] ^-- substep ok
[2026-10-06 11:05:20,173: DEBUG/MainProcess] | Consumer: Starting Heart
[2026-10-06 11:05:20,186: DEBUG/MainProcess] Failed to enable maintenance notifications: unknown subcommand 'MAINT_NOTIFICATIONS'. Try CLIENT HELP.
[2026-10-06 11:05:20,188: DEBUG/MainProcess] ^-- substep ok
[2026-10-06 11:05:20,188: DEBUG/MainProcess] | Consumer: Starting Mingle
[2026-10-06 11:05:20,189: INFO/MainProcess] mingle: searching for neighbors
[2026-10-06 11:05:20,206: DEBUG/MainProcess] Failed to enable maintenance notifications: unknown subcommand 'MAINT_NOTIFICATIONS'. Try CLIENT HELP.
[2026-10-06 11:05:20,220: DEBUG/MainProcess] Failed to enable maintenance notifications: unknown subcommand 'MAINT_NOTIFICATIONS'. Try CLIENT HELP.
[2026-10-06 11:05:21,296: INFO/MainProcess] mingle: all alone
[2026-10-06 11:05:21,296: DEBUG/MainProcess] ^-- substep ok
[2026-10-06 11:05:21,297: DEBUG/MainProcess] | Consumer: Starting Tasks
[2026-10-06 11:05:21,362: DEBUG/MainProcess] ^-- substep ok
[2026-10-06 11:05:21,363: DEBUG/MainProcess] | Consumer: Starting Control
[2026-10-06 11:05:21,377: DEBUG/MainProcess] Failed to enable maintenance notifications: unknown subcommand 'MAINT_NOTIFICATIONS'. Try CLIENT HELP.
[2026-10-06 11:05:21,392: DEBUG/MainProcess] Failed to enable maintenance notifications: unknown subcommand 'MAINT_NOTIFICATIONS'. Try CLIENT HELP.
[2026-10-06 11:05:21,395: DEBUG/MainProcess] ^-- substep ok
[2026-10-06 11:05:21,397: DEBUG/MainProcess] | Consumer: Starting Gossip
[2026-10-06 11:05:21,413: DEBUG/MainProcess] Failed to enable maintenance notifications: unknown subcommand 'MAINT_NOTIFICATIONS'. Try CLIENT HELP.
[2026-10-06 11:05:21,429: DEBUG/MainProcess] Failed to enable maintenance notifications: unknown subcommand 'MAINT_NOTIFICATIONS'. Try CLIENT HELP.
[2026-10-06 11:05:21,432: DEBUG/MainProcess] ^-- substep ok
[2026-10-06 11:05:21,432: DEBUG/MainProcess] | Consumer: Starting event loop
[2026-10-06 11:05:21,433: DEBUG/MainProcess] | Worker: Hub.register Pool...
[2026-10-06 11:05:21,436: INFO/MainProcess] celery@MUTHUKRISHNAN ready.
[2026-10-06 11:05:21,436: DEBUG/MainProcess] basic.qos: prefetch_count->32
[2026-10-06 11:05:21,448: INFO/MainProcess] Task apps.organizations.tasks.activate_scheduled_subscriptions_task[f8a77900-23c8-4ff1-bbb4-0add7df6032c] received
[2026-10-06 11:05:21,449: DEBUG/MainProcess] TaskPool: Apply <function fast_trace_task at 0x7e1c43945260> (args:('apps.organizations.tasks.activate_scheduled_subscriptions_task', 'f8a77900-23c8-4ff1-bbb4-0add7df6032c', {'lang': 'py', 'task': 'apps.organizations.tasks.activate_scheduled_subscriptions_task', 'id': 'f8a77900-23c8-4ff1-bbb4-0add7df6032c', 'shadow': None, 'eta': None, 'expires': None, 'group': None, 'group_index': None, 'retries': 0, 'timelimit': [None, None], 'root_id': 'f8a77900-23c8-4ff1-bbb4-0add7df6032c', 'parent_id': None, 'argsrepr': '()', 'kwargsrepr': '{}', 'origin': 'gen1190@MUTHUKRISHNAN', 'ignore_result': False, 'replaced_task_nesting': 0, 'stamped_headers': None, 'stamps': {}, 'properties': {'correlation_id': 'f8a77900-23c8-4ff1-bbb4-0add7df6032c', 'reply_to': 'd758e68b-f976-31b7-8716-0b377edf4d27', 'delivery_mode': 2, 'delivery_info': {'exchange': '', 'routing_key': 'celery'}, 'priority': 0, 'body_encoding': 'base64', 'delivery_tag': '811cd24f-f81d-42b2-aa51-938aea26e10b'}, 'reply_to': 'd758e68b-f976-31b7-8716-0b377edf4d27', 'correlation_id': 'f8a77900-23c8-4ff1-bbb4-0add7df6032c',... kwargs:{})
[2026-10-06 11:05:21,456: INFO/MainProcess] Task apps.posts.tasks.dispatch_due_posts_task[ab739a97-bc01-46bd-a7f4-043515a9e091] received
[2026-10-06 11:05:21,457: DEBUG/MainProcess] TaskPool: Apply <function fast_trace_task at 0x7e1c43945260> (args:('apps.posts.tasks.dispatch_due_posts_task', 'ab739a97-bc01-46bd-a7f4-043515a9e091', {'lang': 'py', 'task': 'apps.posts.tasks.dispatch_due_posts_task', 'id': 'ab739a97-bc01-46bd-a7f4-043515a9e091', 'shadow': None, 'eta': None, 'expires': None, 'group': None, 'group_index': None, 'retries': 0, 'timelimit': [None, None], 'root_id': 'ab739a97-bc01-46bd-a7f4-043515a9e091', 'parent_id': None, 'argsrepr': '()', 'kwargsrepr': '{}', 'origin': 'gen1190@MUTHUKRISHNAN', 'ignore_result': False, 'replaced_task_nesting': 0, 'stamped_headers': None, 'stamps': {}, 'properties': {'correlation_id': 'ab739a97-bc01-46bd-a7f4-043515a9e091', 'reply_to': 'd758e68b-f976-31b7-8716-0b377edf4d27', 'delivery_mode': 2, 'delivery_info': {'exchange': '', 'routing_key': 'celery'}, 'priority': 0, 'body_encoding': 'base64', 'delivery_tag': '3793171d-3e5c-4195-b32c-a4ad13e32d25'}, 'reply_to': 'd758e68b-f976-31b7-8716-0b377edf4d27', 'correlation_id': 'ab739a97-bc01-46bd-a7f4-043515a9e091', 'hostname': 'celery@MUTHUKRISHNAN', 'delivery_info':... kwargs:{})
[2026-10-06 11:05:21,462: INFO/MainProcess] Task apps.insights.tasks.reconcile_insights_sync_work_task[5a78c7b6-3b7d-4ece-85d4-990b1e66b873] received
[2026-10-06 11:05:21,463: DEBUG/MainProcess] TaskPool: Apply <function fast_trace_task at 0x7e1c43945260> (args:('apps.insights.tasks.reconcile_insights_sync_work_task', '5a78c7b6-3b7d-4ece-85d4-990b1e66b873', {'lang': 'py', 'task': 'apps.insights.tasks.reconcile_insights_sync_work_task', 'id': '5a78c7b6-3b7d-4ece-85d4-990b1e66b873', 'shadow': None, 'eta': None, 'expires': None, 'group': None, 'group_index': None, 'retries': 0, 'timelimit': [None, None], 'root_id': '5a78c7b6-3b7d-4ece-85d4-990b1e66b873', 'parent_id': None, 'argsrepr': '()', 'kwargsrepr': '{}', 'origin': 'gen1190@MUTHUKRISHNAN', 'ignore_result': False, 'replaced_task_nesting': 0, 'stamped_headers': None, 'stamps': {}, 'properties': {'correlation_id': '5a78c7b6-3b7d-4ece-85d4-990b1e66b873', 'reply_to': 'd758e68b-f976-31b7-8716-0b377edf4d27', 'delivery_mode': 2, 'delivery_info': {'exchange': '', 'routing_key': 'celery'}, 'priority': 0, 'body_encoding': 'base64', 'delivery_tag': '9eb418e1-0d71-4d41-aaff-9c7ca53a4ef4'}, 'reply_to': 'd758e68b-f976-31b7-8716-0b377edf4d27', 'correlation_id': '5a78c7b6-3b7d-4ece-85d4-990b1e66b873', 'hostname':... kwargs:{})
[2026-10-06 11:05:21,578: DEBUG/ForkPoolWorker-8] Failed to enable maintenance notifications: unknown subcommand 'MAINT_NOTIFICATIONS'. Try CLIENT HELP.
[2026-10-06 11:05:21,610: DEBUG/ForkPoolWorker-1] Failed to enable maintenance notifications: unknown subcommand 'MAINT_NOTIFICATIONS'. Try CLIENT HELP.
[2026-10-06 11:05:21,627: DEBUG/ForkPoolWorker-2] Failed to enable maintenance notifications: unknown subcommand 'MAINT_NOTIFICATIONS'. Try CLIENT HELP.
[2026-10-06 11:05:24,715: INFO/ForkPoolWorker-2] Task apps.insights.tasks.reconcile_insights_sync_work_task[5a78c7b6-3b7d-4ece-85d4-990b1e66b873] succeeded in 3.2248490590000074s: {'candidates': 0, 'publish_attempts': 0, 'published': 0}
[2026-10-06 11:05:25,222: INFO/ForkPoolWorker-1] Task apps.posts.tasks.dispatch_due_posts_task[ab739a97-bc01-46bd-a7f4-043515a9e091] succeeded in 3.7639095999993515s: None
[2026-10-06 11:05:25,596: INFO/ForkPoolWorker-8] Task apps.organizations.tasks.activate_scheduled_subscriptions_task[f8a77900-23c8-4ff1-bbb4-0add7df6032c] succeeded in 4.13697067800058s: {'activated_count': 0}
[2026-10-06 11:05:53,781: INFO/MainProcess] Task apps.organizations.tasks.activate_scheduled_subscriptions_task[3a1068af-1755-49bf-b159-c4aab3f316ac] received
[2026-10-06 11:05:53,782: DEBUG/MainProcess] TaskPool: Apply <function fast_trace_task at 0x7e1c43945260> (args:('apps.organizations.tasks.activate_scheduled_subscriptions_task', '3a1068af-1755-49bf-b159-c4aab3f316ac', {'lang': 'py', 'task': 'apps.organizations.tasks.activate_scheduled_subscriptions_task', 'id': '3a1068af-1755-49bf-b159-c4aab3f316ac', 'shadow': None, 'eta': None, 'expires': None, 'group': None, 'group_index': None, 'retries': 0, 'timelimit': [None, None], 'root_id': '3a1068af-1755-49bf-b159-c4aab3f316ac', 'parent_id': None, 'argsrepr': '()', 'kwargsrepr': '{}', 'origin': 'gen1190@MUTHUKRISHNAN', 'ignore_result': False, 'replaced_task_nesting': 0, 'stamped_headers': None, 'stamps': {}, 'properties': {'correlation_id': '3a1068af-1755-49bf-b159-c4aab3f316ac', 'reply_to': 'd758e68b-f976-31b7-8716-0b377edf4d27', 'delivery_mode': 2, 'delivery_info': {'exchange': '', 'routing_key': 'celery'}, 'priority': 0, 'body_encoding': 'base64', 'delivery_tag': '319fa90f-e7a1-482f-96c1-b12483e4fc31'}, 'reply_to': 'd758e68b-f976-31b7-8716-0b377edf4d27', 'correlation_id': '3a1068af-1755-49bf-b159-c4aab3f316ac',... kwargs:{})
[2026-10-06 11:05:53,944: INFO/MainProcess] Task apps.posts.tasks.dispatch_due_posts_task[e31b132f-0e5c-46fa-aa6e-85531595ec1f] received
[2026-10-06 11:05:53,945: DEBUG/MainProcess] TaskPool: Apply <function fast_trace_task at 0x7e1c43945260> (args:('apps.posts.tasks.dispatch_due_posts_task', 'e31b132f-0e5c-46fa-aa6e-85531595ec1f', {'lang': 'py', 'task': 'apps.posts.tasks.dispatch_due_posts_task', 'id': 'e31b132f-0e5c-46fa-aa6e-85531595ec1f', 'shadow': None, 'eta': None, 'expires': None, 'group': None, 'group_index': None, 'retries': 0, 'timelimit': [None, None], 'root_id': 'e31b132f-0e5c-46fa-aa6e-85531595ec1f', 'parent_id': None, 'argsrepr': '()', 'kwargsrepr': '{}', 'origin': 'gen1190@MUTHUKRISHNAN', 'ignore_result': False, 'replaced_task_nesting': 0, 'stamped_headers': None, 'stamps': {}, 'properties': {'correlation_id': 'e31b132f-0e5c-46fa-aa6e-85531595ec1f', 'reply_to': 'd758e68b-f976-31b7-8716-0b377edf4d27', 'delivery_mode': 2, 'delivery_info': {'exchange': '', 'routing_key': 'celery'}, 'priority': 0, 'body_encoding': 'base64', 'delivery_tag': '620a4489-6c90-40cb-a408-e6aee473f1d7'}, 'reply_to': 'd758e68b-f976-31b7-8716-0b377edf4d27', 'correlation_id': 'e31b132f-0e5c-46fa-aa6e-85531595ec1f', 'hostname': 'celery@MUTHUKRISHNAN', 'delivery_info':... kwargs:{})
[2026-10-06 11:05:53,948: INFO/MainProcess] Task apps.insights.tasks.reconcile_insights_sync_work_task[ba993059-ea43-4828-95f6-afbde7c9e336] received
[2026-10-06 11:05:53,949: DEBUG/MainProcess] TaskPool: Apply <function fast_trace_task at 0x7e1c43945260> (args:('apps.insights.tasks.reconcile_insights_sync_work_task', 'ba993059-ea43-4828-95f6-afbde7c9e336', {'lang': 'py', 'task': 'apps.insights.tasks.reconcile_insights_sync_work_task', 'id': 'ba993059-ea43-4828-95f6-afbde7c9e336', 'shadow': None, 'eta': None, 'expires': None, 'group': None, 'group_index': None, 'retries': 0, 'timelimit': [None, None], 'root_id': 'ba993059-ea43-4828-95f6-afbde7c9e336', 'parent_id': None, 'argsrepr': '()', 'kwargsrepr': '{}', 'origin': 'gen1190@MUTHUKRISHNAN', 'ignore_result': False, 'replaced_task_nesting': 0, 'stamped_headers': None, 'stamps': {}, 'properties': {'correlation_id': 'ba993059-ea43-4828-95f6-afbde7c9e336', 'reply_to': 'd758e68b-f976-31b7-8716-0b377edf4d27', 'delivery_mode': 2, 'delivery_info': {'exchange': '', 'routing_key': 'celery'}, 'priority': 0, 'body_encoding': 'base64', 'delivery_tag': '24577a93-8cad-4ea7-b4b3-aa997d4349da'}, 'reply_to': 'd758e68b-f976-31b7-8716-0b377edf4d27', 'correlation_id': 'ba993059-ea43-4828-95f6-afbde7c9e336', 'hostname':... kwargs:{})
[2026-10-06 11:05:55,940: INFO/ForkPoolWorker-2] Task apps.insights.tasks.reconcile_insights_sync_work_task[ba993059-ea43-4828-95f6-afbde7c9e336] succeeded in 3.979717172999699s: {'candidates': 0, 'publish_attempts': 0, 'published': 0}
[2026-10-06 11:05:56,269: INFO/ForkPoolWorker-1] Task apps.posts.tasks.dispatch_due_posts_task[e31b132f-0e5c-46fa-aa6e-85531595ec1f] succeeded in 4.311754219999784s: None
[2026-10-06 11:05:56,622: INFO/ForkPoolWorker-8] Task apps.organizations.tasks.activate_scheduled_subscriptions_task[3a1068af-1755-49bf-b159-c4aab3f316ac] succeeded in 4.82929560499997s: {'activated_count': 0}
[2026-10-06 11:06:08,836: INFO/MainProcess] Task apps.insights.tasks.sync_account_insights_task[6fbe78bf-51f6-4e2d-9cd1-29575b2453a3] received
[2026-10-06 11:06:08,837: DEBUG/MainProcess] TaskPool: Apply <function fast_trace_task at 0x7e1c43945260> (args:('apps.insights.tasks.sync_account_insights_task', '6fbe78bf-51f6-4e2d-9cd1-29575b2453a3', {'lang': 'py', 'task': 'apps.insights.tasks.sync_account_insights_task', 'id': '6fbe78bf-51f6-4e2d-9cd1-29575b2453a3', 'shadow': None, 'eta': None, 'expires': None, 'group': None, 'group_index': None, 'retries': 0, 'timelimit': [None, None], 'root_id': '6fbe78bf-51f6-4e2d-9cd1-29575b2453a3', 'parent_id': None, 'argsrepr': '()', 'kwargsrepr': "{'work_id': '9890e745-a967-4063-84d9-21c36c35874c', 'generation': 1}", 'origin': 'gen5692@MUTHUKRISHNAN', 'ignore_result': False, 'replaced_task_nesting': 0, 'stamped_headers': None, 'stamps': {}, 'properties': {'correlation_id': '6fbe78bf-51f6-4e2d-9cd1-29575b2453a3', 'reply_to': '2fb3b7a5-c22a-330a-a94c-8ab37cc52b71', 'delivery_mode': 2, 'delivery_info': {'exchange': '', 'routing_key': 'celery'}, 'priority': 0, 'body_encoding': 'base64', 'delivery_tag': '41f4215e-3721-4c18-a1d7-851f696ba925'}, 'reply_to': '2fb3b7a5-c22a-330a-a94c-8ab37cc52b71', 'correlation_id':... kwargs:{})
[2026-10-06 11:06:14,254: INFO/MainProcess] Task apps.insights.tasks.sync_instagram_content_batch_task[3e09c25a-4a12-4cee-bd5d-b31fb11c4ebe] received
[2026-10-06 11:06:14,254: DEBUG/MainProcess] TaskPool: Apply <function fast_trace_task at 0x7e1c43945260> (args:('apps.insights.tasks.sync_instagram_content_batch_task', '3e09c25a-4a12-4cee-bd5d-b31fb11c4ebe', {'lang': 'py', 'task': 'apps.insights.tasks.sync_instagram_content_batch_task', 'id': '3e09c25a-4a12-4cee-bd5d-b31fb11c4ebe', 'shadow': None, 'eta': None, 'expires': None, 'group': None, 'group_index': None, 'retries': 0, 'timelimit': [None, None], 'root_id': '3e09c25a-4a12-4cee-bd5d-b31fb11c4ebe', 'parent_id': None, 'argsrepr': '()', 'kwargsrepr': "{'work_id': '28fa1731-23d6-4f43-a5e6-0adfbaa0fd04', 'generation': 1}", 'origin': 'gen5692@MUTHUKRISHNAN', 'ignore_result': False, 'replaced_task_nesting': 0, 'stamped_headers': None, 'stamps': {}, 'properties': {'correlation_id': '3e09c25a-4a12-4cee-bd5d-b31fb11c4ebe', 'reply_to': '2fb3b7a5-c22a-330a-a94c-8ab37cc52b71', 'delivery_mode': 2, 'delivery_info': {'exchange': '', 'routing_key': 'celery'}, 'priority': 0, 'body_encoding': 'base64', 'delivery_tag': '61d9ebe4-71d7-4702-945a-a063e76ccc86'}, 'reply_to': '2fb3b7a5-c22a-330a-a94c-8ab37cc52b71', 'correlation_id':... kwargs:{})
[2026-10-06 11:06:14,257: INFO/ForkPoolWorker-1] INSIGHTS_CONTENT_TASK_START platform=instagram work_id=28fa1731-23d6-4f43-a5e6-0adfbaa0fd04 generation=1
[2026-10-06 11:06:21,342: INFO/ForkPoolWorker-1] INSIGHTS_CONTENT_TASK_CLAIM platform=instagram social_account_id=unknown sync_state_id=0837f07d-479a-434e-bab8-f4fd80b20a3f work_id=28fa1731-23d6-4f43-a5e6-0adfbaa0fd04 generation=1 duration_seconds=7.084365 outcome=claimed
[2026-10-06 11:06:22,033: INFO/ForkPoolWorker-1] INSIGHTS_CONTENT_BATCH_START platform=instagram social_account_id=1b516411-ae4b-4a1d-a0bc-e7e524f34a52 sync_state_id=0837f07d-479a-434e-bab8-f4fd80b20a3f work_id=28fa1731-23d6-4f43-a5e6-0adfbaa0fd04 generation=1 outcome=started discovered_count=0 processed_count=0 total=null
[2026-10-06 11:06:22,494: DEBUG/ForkPoolWorker-8] Failed to enable maintenance notifications: unknown subcommand 'MAINT_NOTIFICATIONS'. Try CLIENT HELP.
[2026-10-06 11:06:22,538: DEBUG/ForkPoolWorker-8] Starting new HTTPS connection (1): graph.instagram.com:443
[2026-10-06 11:06:23,605: DEBUG/ForkPoolWorker-8] https://graph.instagram.com:443 "GET /v26.0/28652576194374075?fields=id%2Cusername%2Cname%2Cprofile_picture_url%2Cfollowers_count%2Cmedia_count&access_token=IGAAVNIMmR4dhBZAFlHM01OVU9lNU1ObUFiN1ctSmdpUk9SUU4zaC0zWnVPTXRadEJjalZAlNWVMX2dGZAUZAPSVBpcmgxVXkyZAXp5Q0JUTWtmXzZAyOENwczN6MHNOREY1M0xUYlp4WUhmLUEtanN5czlkamJR HTTP/1.1" 200 588
[2026-10-06 11:06:23,607: DEBUG/ForkPoolWorker-8] INSIGHTS_INSTAGRAM_HTTP operation=instagram_graph_get duration_seconds=1.111461 http_status=200
[2026-10-06 11:06:24,462: DEBUG/ForkPoolWorker-1] INSIGHTS_CONTENT_CHECKPOINT platform=instagram social_account_id=1b516411-ae4b-4a1d-a0bc-e7e524f34a52 sync_state_id=0837f07d-479a-434e-bab8-f4fd80b20a3f work_id=28fa1731-23d6-4f43-a5e6-0adfbaa0fd04 generation=1 duration_seconds=2.428815 write_count=1
[2026-10-06 11:06:25,933: DEBUG/ForkPoolWorker-1] Failed to enable maintenance notifications: unknown subcommand 'MAINT_NOTIFICATIONS'. Try CLIENT HELP.
[2026-10-06 11:06:25,948: DEBUG/ForkPoolWorker-1] Starting new HTTPS connection (1): graph.instagram.com:443
[2026-10-06 11:06:27,050: DEBUG/ForkPoolWorker-8] Starting new HTTPS connection (1): graph.instagram.com:443
[2026-10-06 11:06:27,439: DEBUG/ForkPoolWorker-1] https://graph.instagram.com:443 "GET /v26.0/28652576194374075/media?fields=id%2Ccaption%2Cmedia_type%2Cpermalink%2Ctimestamp%2Clike_count%2Ccomments_count&limit=25&access_token=IGAAVNIMmR4dhBZAFlHM01OVU9lNU1ObUFiN1ctSmdpUk9SUU4zaC0zWnVPTXRadEJjalZAlNWVMX2dGZAUZAPSVBpcmgxVXkyZAXp5Q0JUTWtmXzZAyOENwczN6MHNOREY1M0xUYlp4WUhmLUEtanN5czlkamJR HTTP/1.1" 200 7661
[2026-10-06 11:06:27,457: DEBUG/ForkPoolWorker-1] INSIGHTS_INSTAGRAM_HTTP operation=instagram_media_list duration_seconds=1.522404 http_status=200
[2026-10-06 11:06:29,071: DEBUG/ForkPoolWorker-8] https://graph.instagram.com:443 "GET /v26.0/28652576194374075/insights?metric=reach%2Cviews%2Ctotal_interactions%2Caccounts_engaged&period=day&metric_type=total_value&since=2026-09-07&until=2026-10-06&access_token=IGAAVNIMmR4dhBZAFlHM01OVU9lNU1ObUFiN1ctSmdpUk9SUU4zaC0zWnVPTXRadEJjalZAlNWVMX2dGZAUZAPSVBpcmgxVXkyZAXp5Q0JUTWtmXzZAyOENwczN6MHNOREY1M0xUYlp4WUhmLUEtanN5czlkamJR HTTP/1.1" 200 1042
[2026-10-06 11:06:29,909: INFO/ForkPoolWorker-1] INSIGHTS_CONTENT_PROVIDER_PAGE platform=instagram social_account_id=1b516411-ae4b-4a1d-a0bc-e7e524f34a52 sync_state_id=0837f07d-479a-434e-bab8-f4fd80b20a3f work_id=28fa1731-23d6-4f43-a5e6-0adfbaa0fd04 generation=1 operation=instagram_media_list duration_seconds=7.078613 http_duration_seconds=1.522404 response_parse_seconds=0.00115 pacer_wait_seconds=0.01285 http_status=200
[2026-10-06 11:06:42,219: INFO/MainProcess] Task apps.integrations.instagram.tasks.maintain_instagram_tokens_task[edcf9c6f-83f4-4351-a403-3ecd647f93e7] received
[2026-10-06 11:06:42,220: DEBUG/MainProcess] TaskPool: Apply <function fast_trace_task at 0x7e1c43945260> (args:('apps.integrations.instagram.tasks.maintain_instagram_tokens_task', 'edcf9c6f-83f4-4351-a403-3ecd647f93e7', {'lang': 'py', 'task': 'apps.integrations.instagram.tasks.maintain_instagram_tokens_task', 'id': 'edcf9c6f-83f4-4351-a403-3ecd647f93e7', 'shadow': None, 'eta': None, 'expires': None, 'group': None, 'group_index': None, 'retries': 0, 'timelimit': [None, None], 'root_id': 'edcf9c6f-83f4-4351-a403-3ecd647f93e7', 'parent_id': None, 'argsrepr': '()', 'kwargsrepr': '{}', 'origin': 'gen1190@MUTHUKRISHNAN', 'ignore_result': False, 'replaced_task_nesting': 0, 'stamped_headers': None, 'stamps': {}, 'properties': {'correlation_id': 'edcf9c6f-83f4-4351-a403-3ecd647f93e7', 'reply_to': 'd758e68b-f976-31b7-8716-0b377edf4d27', 'delivery_mode': 2, 'delivery_info': {'exchange': '', 'routing_key': 'celery'}, 'priority': 0, 'body_encoding': 'base64', 'delivery_tag': '635405e5-0287-4304-aff7-ea0f06909b18'}, 'reply_to': 'd758e68b-f976-31b7-8716-0b377edf4d27', 'correlation_id': 'edcf9c6f-83f4-4351-a403-3ecd647f93e7',... kwargs:{})
[2026-10-06 11:06:42,435: INFO/MainProcess] Task apps.organizations.tasks.send_plan_expiry_reminders_task[bc4e263a-fb1e-4299-a2a2-10d9fabd69cb] received
[2026-10-06 11:06:42,435: DEBUG/MainProcess] TaskPool: Apply <function fast_trace_task at 0x7e1c43945260> (args:('apps.organizations.tasks.send_plan_expiry_reminders_task', 'bc4e263a-fb1e-4299-a2a2-10d9fabd69cb', {'lang': 'py', 'task': 'apps.organizations.tasks.send_plan_expiry_reminders_task', 'id': 'bc4e263a-fb1e-4299-a2a2-10d9fabd69cb', 'shadow': None, 'eta': None, 'expires': None, 'group': None, 'group_index': None, 'retries': 0, 'timelimit': [None, None], 'root_id': 'bc4e263a-fb1e-4299-a2a2-10d9fabd69cb', 'parent_id': None, 'argsrepr': '()', 'kwargsrepr': '{}', 'origin': 'gen1190@MUTHUKRISHNAN', 'ignore_result': False, 'replaced_task_nesting': 0, 'stamped_headers': None, 'stamps': {}, 'properties': {'correlation_id': 'bc4e263a-fb1e-4299-a2a2-10d9fabd69cb', 'reply_to': 'd758e68b-f976-31b7-8716-0b377edf4d27', 'delivery_mode': 2, 'delivery_info': {'exchange': '', 'routing_key': 'celery'}, 'priority': 0, 'body_encoding': 'base64', 'delivery_tag': '53380da5-2ca3-4ba0-b96d-7bdf19f3ca0d'}, 'reply_to': 'd758e68b-f976-31b7-8716-0b377edf4d27', 'correlation_id': 'bc4e263a-fb1e-4299-a2a2-10d9fabd69cb', 'hostname':... kwargs:{})
[2026-10-06 11:06:42,438: INFO/MainProcess] Task apps.organizations.tasks.expire_due_subscriptions_task[5460a4a4-5864-44ae-8df7-527cbf9c4b4e] received
[2026-10-06 11:06:42,439: DEBUG/MainProcess] TaskPool: Apply <function fast_trace_task at 0x7e1c43945260> (args:('apps.organizations.tasks.expire_due_subscriptions_task', '5460a4a4-5864-44ae-8df7-527cbf9c4b4e', {'lang': 'py', 'task': 'apps.organizations.tasks.expire_due_subscriptions_task', 'id': '5460a4a4-5864-44ae-8df7-527cbf9c4b4e', 'shadow': None, 'eta': None, 'expires': None, 'group': None, 'group_index': None, 'retries': 0, 'timelimit': [None, None], 'root_id': '5460a4a4-5864-44ae-8df7-527cbf9c4b4e', 'parent_id': None, 'argsrepr': '()', 'kwargsrepr': '{}', 'origin': 'gen1190@MUTHUKRISHNAN', 'ignore_result': False, 'replaced_task_nesting': 0, 'stamped_headers': None, 'stamps': {}, 'properties': {'correlation_id': '5460a4a4-5864-44ae-8df7-527cbf9c4b4e', 'reply_to': 'd758e68b-f976-31b7-8716-0b377edf4d27', 'delivery_mode': 2, 'delivery_info': {'exchange': '', 'routing_key': 'celery'}, 'priority': 0, 'body_encoding': 'base64', 'delivery_tag': '1faf35e6-8005-4aaf-aa20-8f30d437b34c'}, 'reply_to': 'd758e68b-f976-31b7-8716-0b377edf4d27', 'correlation_id': '5460a4a4-5864-44ae-8df7-527cbf9c4b4e', 'hostname':... kwargs:{})
[2026-10-06 11:06:42,443: INFO/MainProcess] Task apps.integrations.meta.tasks.maintain_meta_tokens_task[e2fd3f59-22d1-49da-a3ef-ae940ccaee87] received
[2026-10-06 11:06:42,444: DEBUG/MainProcess] TaskPool: Apply <function fast_trace_task at 0x7e1c43945260> (args:('apps.integrations.meta.tasks.maintain_meta_tokens_task', 'e2fd3f59-22d1-49da-a3ef-ae940ccaee87', {'lang': 'py', 'task': 'apps.integrations.meta.tasks.maintain_meta_tokens_task', 'id': 'e2fd3f59-22d1-49da-a3ef-ae940ccaee87', 'shadow': None, 'eta': None, 'expires': None, 'group': None, 'group_index': None, 'retries': 0, 'timelimit': [None, None], 'root_id': 'e2fd3f59-22d1-49da-a3ef-ae940ccaee87', 'parent_id': None, 'argsrepr': '()', 'kwargsrepr': '{}', 'origin': 'gen1190@MUTHUKRISHNAN', 'ignore_result': False, 'replaced_task_nesting': 0, 'stamped_headers': None, 'stamps': {}, 'properties': {'correlation_id': 'e2fd3f59-22d1-49da-a3ef-ae940ccaee87', 'reply_to': 'd758e68b-f976-31b7-8716-0b377edf4d27', 'delivery_mode': 2, 'delivery_info': {'exchange': '', 'routing_key': 'celery'}, 'priority': 0, 'body_encoding': 'base64', 'delivery_tag': '07fd821d-5602-4fba-b694-cdff2d3a9391'}, 'reply_to': 'd758e68b-f976-31b7-8716-0b377edf4d27', 'correlation_id': 'e2fd3f59-22d1-49da-a3ef-ae940ccaee87', 'hostname':... kwargs:{})
[2026-10-06 11:06:42,474: DEBUG/ForkPoolWorker-3] Failed to enable maintenance notifications: unknown subcommand 'MAINT_NOTIFICATIONS'. Try CLIENT HELP.
[2026-10-06 11:06:42,476: DEBUG/ForkPoolWorker-5] Failed to enable maintenance notifications: unknown subcommand 'MAINT_NOTIFICATIONS'. Try CLIENT HELP.
[2026-10-06 11:06:42,481: DEBUG/ForkPoolWorker-4] Failed to enable maintenance notifications: unknown subcommand 'MAINT_NOTIFICATIONS'. Try CLIENT HELP.
[2026-10-06 11:06:42,780: INFO/MainProcess] Task apps.posts.tasks.reconcile_ambiguous_instagram_publishes_task[b132564b-4bb3-4eea-9b0d-d17918491016] received
[2026-10-06 11:06:42,780: DEBUG/MainProcess] TaskPool: Apply <function fast_trace_task at 0x7e1c43945260> (args:('apps.posts.tasks.reconcile_ambiguous_instagram_publishes_task', 'b132564b-4bb3-4eea-9b0d-d17918491016', {'lang': 'py', 'task': 'apps.posts.tasks.reconcile_ambiguous_instagram_publishes_task', 'id': 'b132564b-4bb3-4eea-9b0d-d17918491016', 'shadow': None, 'eta': None, 'expires': None, 'group': None, 'group_index': None, 'retries': 0, 'timelimit': [None, None], 'root_id': 'b132564b-4bb3-4eea-9b0d-d17918491016', 'parent_id': None, 'argsrepr': '()', 'kwargsrepr': '{}', 'origin': 'gen1190@MUTHUKRISHNAN', 'ignore_result': False, 'replaced_task_nesting': 0, 'stamped_headers': None, 'stamps': {}, 'properties': {'correlation_id': 'b132564b-4bb3-4eea-9b0d-d17918491016', 'reply_to': 'd758e68b-f976-31b7-8716-0b377edf4d27', 'delivery_mode': 2, 'delivery_info': {'exchange': '', 'routing_key': 'celery'}, 'priority': 0, 'body_encoding': 'base64', 'delivery_tag': '15e96655-8c14-488a-9d61-53094ad141d4'}, 'reply_to': 'd758e68b-f976-31b7-8716-0b377edf4d27', 'correlation_id': 'b132564b-4bb3-4eea-9b0d-d17918491016', 'hostname':... kwargs:{})
[2026-10-06 11:06:42,802: DEBUG/ForkPoolWorker-6] Failed to enable maintenance notifications: unknown subcommand 'MAINT_NOTIFICATIONS'. Try CLIENT HELP.
[2026-10-06 11:06:45,209: INFO/ForkPoolWorker-3] Task apps.organizations.tasks.send_plan_expiry_reminders_task[bc4e263a-fb1e-4299-a2a2-10d9fabd69cb] succeeded in 2.77209610600039s: {'queued_count': 0, 'reminder_date': '2026-10-09'}
[2026-10-06 11:06:45,506: INFO/ForkPoolWorker-6] Task apps.posts.tasks.reconcile_ambiguous_instagram_publishes_task[b132564b-4bb3-4eea-9b0d-d17918491016] succeeded in 2.7237138590007817s: None
[2026-10-06 11:06:45,568: DEBUG/ForkPoolWorker-5] Failed to enable maintenance notifications: unknown subcommand 'MAINT_NOTIFICATIONS'. Try CLIENT HELP.
[2026-10-06 11:06:45,820: INFO/ForkPoolWorker-4] Task apps.organizations.tasks.expire_due_subscriptions_task[5460a4a4-5864-44ae-8df7-527cbf9c4b4e] succeeded in 3.376364196000395s: {'expired_count': 0}
[2026-10-06 11:06:45,922: DEBUG/ForkPoolWorker-5] Starting new HTTPS connection (1): graph.facebook.com:443
[2026-10-06 11:06:46,104: INFO/ForkPoolWorker-2] Instagram token lifecycle completed: {'checked': 15, 'refreshed': 0, 'expired': 0, 'errors': 0, 'skipped': 15, 'locked': 0, 'retry': 0}
[2026-10-06 11:06:46,106: INFO/ForkPoolWorker-2] Task apps.integrations.instagram.tasks.maintain_instagram_tokens_task[edcf9c6f-83f4-4351-a403-3ecd647f93e7] succeeded in 3.885064034999232s: {'checked': 15, 'refreshed': 0, 'expired': 0, 'errors': 0, 'skipped': 15, 'locked': 0, 'retry': 0}
[2026-10-06 11:06:48,125: DEBUG/ForkPoolWorker-5] https://graph.facebook.com:443 "GET /v26.0/1324404237420906?fields=id%2Cname&access_token=EAATs6GQnL9MBSt5GprytA6gp1xsqKYx0t7fX8tF82ZAdzm8sVyZC5IZBILMyTfGwEcHb6HaGBl77lkr6fLujKOesZCIsSEC2Y6NmGuoIxFS5En5ZBlBqiZB0KHt6rtsyBfW0KSPFZAP5LXaFb7c1QOe3BH7SHphIM0fpCG1EsgKiMiTSkZCBO9jHiKUJUkd5KQVZAy67hJZCdpcrRdMrVZBacAz HTTP/1.1" 200 55
[2026-10-06 11:06:51,809: DEBUG/ForkPoolWorker-5] Starting new HTTPS connection (1): graph.facebook.com:443
[2026-10-06 11:06:52,439: INFO/ForkPoolWorker-1] INSIGHTS_CONTENT_PAGE_PERSIST platform=instagram social_account_id=1b516411-ae4b-4a1d-a0bc-e7e524f34a52 sync_state_id=0837f07d-479a-434e-bab8-f4fd80b20a3f work_id=28fa1731-23d6-4f43-a5e6-0adfbaa0fd04 generation=1 eligible_count=6 eligible_media=true discovered_count=6 total=null processed_count=0 has_more=true cursor_present=true duration_seconds=18.62714 transaction_duration_seconds=22.529206 checkpoint_duration_seconds=0.37046
[2026-10-06 11:06:53,378: DEBUG/ForkPoolWorker-5] https://graph.facebook.com:443 "GET /v26.0/1309876122205546?fields=id%2Cname&access_token=EAATs6GQnL9MBSnPaAkHGJqxYTwqnnNZCbihBx0PjNQa37jaYVm2tbrGhOW5QxbVjtInpXaHmF889ViLAe9OPrLLUZCT2X6DnV8ZAhyTWPJxdJMBZAdVebYP2wxE3txrPd1dT6y1bSvRsou6ezIUw5AzfxRVhgdvZAtVsYPL2yGEdyHw3IvQZC27m0IYP0TeyYkTCogYxsg HTTP/1.1" 200 58
[2026-10-06 11:06:53,778: INFO/MainProcess] Task apps.organizations.tasks.activate_scheduled_subscriptions_task[17ed354b-0a7b-4caf-b4fb-caffd4d5a30e] received
[2026-10-06 11:06:53,778: DEBUG/MainProcess] TaskPool: Apply <function fast_trace_task at 0x7e1c43945260> (args:('apps.organizations.tasks.activate_scheduled_subscriptions_task', '17ed354b-0a7b-4caf-b4fb-caffd4d5a30e', {'lang': 'py', 'task': 'apps.organizations.tasks.activate_scheduled_subscriptions_task', 'id': '17ed354b-0a7b-4caf-b4fb-caffd4d5a30e', 'shadow': None, 'eta': None, 'expires': None, 'group': None, 'group_index': None, 'retries': 0, 'timelimit': [None, None], 'root_id': '17ed354b-0a7b-4caf-b4fb-caffd4d5a30e', 'parent_id': None, 'argsrepr': '()', 'kwargsrepr': '{}', 'origin': 'gen1190@MUTHUKRISHNAN', 'ignore_result': False, 'replaced_task_nesting': 0, 'stamped_headers': None, 'stamps': {}, 'properties': {'correlation_id': '17ed354b-0a7b-4caf-b4fb-caffd4d5a30e', 'reply_to': 'd758e68b-f976-31b7-8716-0b377edf4d27', 'delivery_mode': 2, 'delivery_info': {'exchange': '', 'routing_key': 'celery'}, 'priority': 0, 'body_encoding': 'base64', 'delivery_tag': '1f1acacd-a0cb-4df1-9267-64f05cb52e56'}, 'reply_to': 'd758e68b-f976-31b7-8716-0b377edf4d27', 'correlation_id': '17ed354b-0a7b-4caf-b4fb-caffd4d5a30e',... kwargs:{})
[2026-10-06 11:06:53,943: INFO/MainProcess] Task apps.posts.tasks.dispatch_due_posts_task[8724abf4-5e45-44ec-ab0e-605077bfefb9] received
[2026-10-06 11:06:53,944: DEBUG/MainProcess] TaskPool: Apply <function fast_trace_task at 0x7e1c43945260> (args:('apps.posts.tasks.dispatch_due_posts_task', '8724abf4-5e45-44ec-ab0e-605077bfefb9', {'lang': 'py', 'task': 'apps.posts.tasks.dispatch_due_posts_task', 'id': '8724abf4-5e45-44ec-ab0e-605077bfefb9', 'shadow': None, 'eta': None, 'expires': None, 'group': None, 'group_index': None, 'retries': 0, 'timelimit': [None, None], 'root_id': '8724abf4-5e45-44ec-ab0e-605077bfefb9', 'parent_id': None, 'argsrepr': '()', 'kwargsrepr': '{}', 'origin': 'gen1190@MUTHUKRISHNAN', 'ignore_result': False, 'replaced_task_nesting': 0, 'stamped_headers': None, 'stamps': {}, 'properties': {'correlation_id': '8724abf4-5e45-44ec-ab0e-605077bfefb9', 'reply_to': 'd758e68b-f976-31b7-8716-0b377edf4d27', 'delivery_mode': 2, 'delivery_info': {'exchange': '', 'routing_key': 'celery'}, 'priority': 0, 'body_encoding': 'base64', 'delivery_tag': 'b497dfef-d414-40d5-9edb-1b20425e7a21'}, 'reply_to': 'd758e68b-f976-31b7-8716-0b377edf4d27', 'correlation_id': '8724abf4-5e45-44ec-ab0e-605077bfefb9', 'hostname': 'celery@MUTHUKRISHNAN', 'delivery_info':... kwargs:{})
[2026-10-06 11:06:53,958: INFO/MainProcess] Task apps.insights.tasks.reconcile_insights_sync_work_task[94e41868-26b4-43f8-ad85-73368cf6e9d1] received
[2026-10-06 11:06:53,958: DEBUG/MainProcess] TaskPool: Apply <function fast_trace_task at 0x7e1c43945260> (args:('apps.insights.tasks.reconcile_insights_sync_work_task', '94e41868-26b4-43f8-ad85-73368cf6e9d1', {'lang': 'py', 'task': 'apps.insights.tasks.reconcile_insights_sync_work_task', 'id': '94e41868-26b4-43f8-ad85-73368cf6e9d1', 'shadow': None, 'eta': None, 'expires': None, 'group': None, 'group_index': None, 'retries': 0, 'timelimit': [None, None], 'root_id': '94e41868-26b4-43f8-ad85-73368cf6e9d1', 'parent_id': None, 'argsrepr': '()', 'kwargsrepr': '{}', 'origin': 'gen1190@MUTHUKRISHNAN', 'ignore_result': False, 'replaced_task_nesting': 0, 'stamped_headers': None, 'stamps': {}, 'properties': {'correlation_id': '94e41868-26b4-43f8-ad85-73368cf6e9d1', 'reply_to': 'd758e68b-f976-31b7-8716-0b377edf4d27', 'delivery_mode': 2, 'delivery_info': {'exchange': '', 'routing_key': 'celery'}, 'priority': 0, 'body_encoding': 'base64', 'delivery_tag': 'e7be30ef-4109-41a2-b946-f0e8652267d3'}, 'reply_to': 'd758e68b-f976-31b7-8716-0b377edf4d27', 'correlation_id': '94e41868-26b4-43f8-ad85-73368cf6e9d1', 'hostname':... kwargs:{})
[2026-10-06 11:06:54,420: DEBUG/ForkPoolWorker-8] Starting new HTTPS connection (1): graph.instagram.com:443
[2026-10-06 11:06:55,130: DEBUG/ForkPoolWorker-8] https://graph.instagram.com:443 "GET /v26.0/28652576194374075/insights?metric=follows_and_unfollows&period=day&metric_type=total_value&since=2026-09-07&until=2026-10-06&access_token=IGAAVNIMmR4dhBZAFlHM01OVU9lNU1ObUFiN1ctSmdpUk9SUU4zaC0zWnVPTXRadEJjalZAlNWVMX2dGZAUZAPSVBpcmgxVXkyZAXp5Q0JUTWtmXzZAyOENwczN6MHNOREY1M0xUYlp4WUhmLUEtanN5czlkamJR HTTP/1.1" 200 358
[2026-10-06 11:06:55,965: DEBUG/ForkPoolWorker-1] Starting new HTTPS connection (1): graph.instagram.com:443
[2026-10-06 11:06:56,651: INFO/ForkPoolWorker-4] Task apps.insights.tasks.reconcile_insights_sync_work_task[94e41868-26b4-43f8-ad85-73368cf6e9d1] succeeded in 2.6809151920006116s: {'candidates': 0, 'publish_attempts': 0, 'published': 0}
[2026-10-06 11:06:57,474: DEBUG/ForkPoolWorker-1] https://graph.instagram.com:443 "GET /v26.0/17959579329213828/insights?metric=reach%2Cviews%2Cshares%2Csaved%2Ctotal_interactions&access_token=IGAAVNIMmR4dhBZAFlHM01OVU9lNU1ObUFiN1ctSmdpUk9SUU4zaC0zWnVPTXRadEJjalZAlNWVMX2dGZAUZAPSVBpcmgxVXkyZAXp5Q0JUTWtmXzZAyOENwczN6MHNOREY1M0xUYlp4WUhmLUEtanN5czlkamJR HTTP/1.1" 200 744
[2026-10-06 11:06:57,476: INFO/ForkPoolWorker-3] Task apps.posts.tasks.dispatch_due_posts_task[8724abf4-5e45-44ec-ab0e-605077bfefb9] succeeded in 3.5313753700002053s: None
[2026-10-06 11:06:57,486: DEBUG/ForkPoolWorker-5] Starting new HTTPS connection (1): graph.facebook.com:443
[2026-10-06 11:06:57,851: INFO/ForkPoolWorker-2] Task apps.organizations.tasks.activate_scheduled_subscriptions_task[17ed354b-0a7b-4caf-b4fb-caffd4d5a30e] succeeded in 4.07187174199953s: {'activated_count': 0}
[2026-10-06 11:06:57,075: DEBUG/ForkPoolWorker-5] https://graph.facebook.com:443 "GET /v26.0/1370155242838683?fields=id%2Cname&access_token=EAATs6GQnL9MBScnY7Gt3hFFsXiZADXWf52eioZAzgp7zXlWWhxdgLAdnN5ZCGZCEJ9PeZCVj3C82VTBgg5ZBCBG7521DTEsgCu1njwlPcbfgqZAN8hEGZARxSX6YnlrqCLvk9757clrMj8UDjB4ScZBq9BMOkcTZBmrwncr8T8N0WnwjgxJ50SlI51vk5uYKYDlTWlQy1y1Awd HTTP/1.1" 200 55
[2026-10-06 11:07:01,239: DEBUG/ForkPoolWorker-5] Starting new HTTPS connection (1): graph.facebook.com:443
[2026-10-06 11:07:03,239: DEBUG/ForkPoolWorker-5] https://graph.facebook.com:443 "GET /v26.0/1324404237420906?fields=id%2Cname&access_token=EAATs6GQnL9MBSvwYrqal9fhAnY7rL42QtZC58LBZCNjZCszE5ftWePfZBpwGCZBDYXzqZAiHWRLlKgwXdiZArWcvkJFmZC6zHlc3ZCa56h0Nms15ibFAGSiV0PNmDLj2iGtHEHF31rTgkGgzpJWVhE22he1q7OnuPjB7yLCzRPUYWEbxZCMqQRhKrKtJLlYSXaEzwHqgGW8qMIU1MhF3zLjGSFgPrL HTTP/1.1" 200 55
[2026-10-06 11:07:06,604: INFO/ForkPoolWorker-8] Task apps.insights.tasks.sync_account_insights_task[6fbe78bf-51f6-4e2d-9cd1-29575b2453a3] succeeded in 61.10098151300008s: {'status': 'complete', 'insights_available': True}
[2026-10-06 11:07:06,610: DEBUG/ForkPoolWorker-5] Starting new HTTPS connection (1): graph.facebook.com:443
[2026-10-06 11:07:07,567: DEBUG/ForkPoolWorker-5] https://graph.facebook.com:443 "GET /v26.0/1337879082740157?fields=id%2Cname&access_token=EAATs6GQnL9MBSQfdGi4JGnQNZCIm109CarzxupFSIyBVoLfQN5XeVWco5myQI7fq0h6sJgSTbZBhnZAdxYDSTFVyaXZAVpcrmo1A2qK9bdBEiGI1N704SepIsbkRuJXcOZCk6oUF8KxoeAdgDccdVV5F5guHVPtGj60XBo2O7FH3tAZAmvw4k26c16GrLXkxtZBZAl6y HTTP/1.1" 200 55
[2026-10-06 11:07:10,724: DEBUG/ForkPoolWorker-1] INSIGHTS_CONTENT_DB_TIMINGS platform=instagram sync_state_id=0837f07d-479a-434e-bab8-f4fd80b20a3f work_id=28fa1731-23d6-4f43-a5e6-0adfbaa0fd04 generation=1 timing_summary={"measurements":{"helper":{"non_sql_residual":{"count":1,"max_seconds":0.007155231998694944,"total_seconds":0.007155231998694944},"store_media_metrics_wall_seconds":{"count":1,"max_seconds":2.4702044979994753,"total_seconds":2.4702044979994753}},"outer_transaction":{"outer_atomic_exit_seconds":{"count":1,"max_seconds":0.5486377699999139,"total_seconds":0.5486377699999139},"outer_transaction_wall_seconds":{"count":1,"max_seconds":10.761937170000238,"total_seconds":10.761937170000238}}},"sql":{"checkpoint":{"checkpoint_update":{"count":1,"max_seconds":0.682631646000118,"total_seconds":0.682631646000118}},"fence":{"other_safe_sql":{"count":3,"max_seconds":6.639490073999696,"total_seconds":7.505780601999504}},"helper":{"select_for_update_content":{"count":1,"max_seconds":0.7303280019996237,"total_seconds":0.7303280019996237},"select_for_update_media":{"count":1,"max_seconds":0.544539700000314,"total_seconds":0.544539700000314},"update_content":{"count":1,"max_seconds":0.5947924410002088,"total_seconds":0.5947924410002088},"update_media":{"count":1,"max_seconds":0.5933891230006338,"total_seconds":0.5933891230006338}}}}
[2026-10-06 11:07:11,860: DEBUG/ForkPoolWorker-5] Starting new HTTPS connection (1): graph.facebook.com:443
[2026-10-06 11:07:12,963: DEBUG/ForkPoolWorker-5] https://graph.facebook.com:443 "GET /v26.0/1324404237420906?fields=id%2Cname&access_token=EAATs6GQnL9MBSb9nawfWIStrkcTuGF8WKDsZAKvgOT85xHl7BCFcp872zFXEHp5rXjXeHWhZA6nYEUe8fBEIvrgDw7cZAIEGmzq9HYUjSDL72SgICJAIiP91N7lT1EzYUvoYSJuCaBiBZBLqMwVEhtJSEgtZC4CZCYEDjgxyPnJYpG2T0E1AZA1ZAZCwDeCuVxhRfySdSlPdYuudRpQe5Atqw HTTP/1.1" 200 55
[2026-10-06 11:07:14,169: DEBUG/ForkPoolWorker-1] Starting new HTTPS connection (1): graph.instagram.com:443
[2026-10-06 11:07:15,284: DEBUG/ForkPoolWorker-1] https://graph.instagram.com:443 "GET /v26.0/18125257600863326/insights?metric=reach%2Cviews%2Cshares%2Csaved%2Ctotal_interactions&access_token=IGAAVNIMmR4dhBZAFlHM01OVU9lNU1ObUFiN1ctSmdpUk9SUU4zaC0zWnVPTXRadEJjalZAlNWVMX2dGZAUZAPSVBpcmgxVXkyZAXp5Q0JUTWtmXzZAyOENwczN6MHNOREY1M0xUYlp4WUhmLUEtanN5czlkamJR HTTP/1.1" 200 741
[2026-10-06 11:07:16,525: DEBUG/ForkPoolWorker-5] Starting new HTTPS connection (1): graph.facebook.com:443
[2026-10-06 11:07:17,353: DEBUG/ForkPoolWorker-5] https://graph.facebook.com:443 "GET /v26.0/1337879082740157?fields=id%2Cname&access_token=EAATs6GQnL9MBSoP2zOonLZAmZCR4WZBllDZBDstTsZCWPlnFsMrWZBWIbKuID4wC6lJPFz8pkZCVdhZCpkNhppO5LcZAYo4s48ao4aXSwplvWjxpjgGJPaO8saq7uz9foww2TZBXdd36ix3hNj0UmHIyQZCaFmlgKo4eCudp0ZBjV1BaDGJ1Ycq3SotE9J4qXOp31nUE1arqhHWe HTTP/1.1" 200 55
[2026-10-06 11:07:21,013: DEBUG/ForkPoolWorker-5] Starting new HTTPS connection (1): graph.facebook.com:443
[2026-10-06 11:07:22,557: DEBUG/ForkPoolWorker-5] https://graph.facebook.com:443 "GET /v26.0/1324404237420906?fields=id%2Cname&access_token=EAATs6GQnL9MBSkSaP6iMVyJAPOZAsWJnRwwi0mzmDZCPGRWQM5zP60CYreapuzXC8rwutLdZAGeZCRjtGBzFdxZACVGctHXlZAkIBSBWkDKGsqeuu1hcD8rDMDNVpqa09wdKMrpxsGJnMrQ75D4lSKzIwjhAcAPfz5kjGMICi1qwuUjW6FGjN4x3W89GmEUuWiN2w0RnWDahacZCNeI2NicnjVn HTTP/1.1" 200 55
[2026-10-06 11:07:23,991: DEBUG/ForkPoolWorker-1] INSIGHTS_CONTENT_DB_TIMINGS platform=instagram sync_state_id=0837f07d-479a-434e-bab8-f4fd80b20a3f work_id=28fa1731-23d6-4f43-a5e6-0adfbaa0fd04 generation=1 timing_summary={"measurements":{"helper":{"non_sql_residual":{"count":1,"max_seconds":0.005336961000466545,"total_seconds":0.005336961000466545},"store_media_metrics_wall_seconds":{"count":1,"max_seconds":2.371079980000104,"total_seconds":2.371079980000104}},"outer_transaction":{"outer_atomic_exit_seconds":{"count":1,"max_seconds":0.42269380099969567,"total_seconds":0.42269380099969567},"outer_transaction_wall_seconds":{"count":1,"max_seconds":5.1298020249996625,"total_seconds":5.1298020249996625}}},"sql":{"checkpoint":{"checkpoint_update":{"count":1,"max_seconds":0.6860682019996602,"total_seconds":0.6860682019996602}},"fence":{"other_safe_sql":{"count":3,"max_seconds":1.0424915000003239,"total_seconds":2.187002583001231}},"helper":{"select_for_update_content":{"count":1,"max_seconds":0.36941576699973666,"total_seconds":0.36941576699973666},"select_for_update_media":{"count":1,"max_seconds":0.5216295149994039,"total_seconds":0.5216295149994039},"update_content":{"count":1,"max_seconds":0.6566319270004897,"total_seconds":0.6566319270004897},"update_media":{"count":1,"max_seconds":0.8180658100000073,"total_seconds":0.8180658100000073}}}}
[2026-10-06 11:07:25,661: DEBUG/ForkPoolWorker-5] Starting new HTTPS connection (1): graph.facebook.com:443
[2026-10-06 11:07:26,395: DEBUG/ForkPoolWorker-5] https://graph.facebook.com:443 "GET /v26.0/1309876122205546?fields=id%2Cname&access_token=EAATs6GQnL9MBSXZARgkDYMqOgIbJNqPPhSOYB01rhvd3pVZCnjkdCkOHcGe2phqAf2QqZCVWqLYgRGkDI7SEwYRc8c1I2KZAQE5gZBdo1uuwbDcn6VKieOLgFvUl1sYLo4XZBXL0ifVmbUJwJw15pxTR081IKx9EPyBffl3ZANSCjGjJ6VxpwPqN0fsDYvgY0HlI6e4 HTTP/1.1" 200 58
[2026-10-06 11:07:26,464: DEBUG/ForkPoolWorker-1] Starting new HTTPS connection (1): graph.instagram.com:443
[2026-10-06 11:07:27,455: DEBUG/ForkPoolWorker-1] https://graph.instagram.com:443 "GET /v26.0/17998058384816711/insights?metric=reach%2Cviews%2Cshares%2Csaved%2Ctotal_interactions&access_token=IGAAVNIMmR4dhBZAFlHM01OVU9lNU1ObUFiN1ctSmdpUk9SUU4zaC0zWnVPTXRadEJjalZAlNWVMX2dGZAUZAPSVBpcmgxVXkyZAXp5Q0JUTWtmXzZAyOENwczN6MHNOREY1M0xUYlp4WUhmLUEtanN5czlkamJR HTTP/1.1" 200 740
[2026-10-06 11:07:28,902: DEBUG/ForkPoolWorker-5] Starting new HTTPS connection (1): graph.facebook.com:443
[2026-10-06 11:07:30,656: DEBUG/ForkPoolWorker-5] https://graph.facebook.com:443 "GET /v26.0/1324404237420906?fields=id%2Cname&access_token=EAATs6GQnL9MBSXWeL54aYjnJxRVdG7BB6MEnxG6mJR2x8mexV4LloMMHZCd8BuZBoGdxp1wRjPuZC3nUwYqpE5lZBgZBXAt9QsmYU15ohocWK2rut0rijMc9g3dQYQkZCYNqOgWZAc8Jn5kXSLKSYGuXyHQa6z1uSUnhOXv3VagdupeDZAJqE7SHrF0JJKqH4HWAxSIloZB8Vw0PL8cc0jOnBL1o9 HTTP/1.1" 200 55
[2026-10-06 11:07:33,355: INFO/ForkPoolWorker-5] Meta Facebook Page token lifecycle completed: {'checked': 10, 'verified': 10, 'refreshed': 0, 'invalid': 0, 'revoked': 0, 'retry': 0, 'skipped': 0, 'locked': 0}
[2026-10-06 11:07:33,355: INFO/ForkPoolWorker-5] Meta Facebook Page token lifecycle task completed: {'checked': 10, 'verified': 10, 'refreshed': 0, 'invalid': 0, 'revoked': 0, 'retry': 0, 'skipped': 0, 'locked': 0}
[2026-10-06 11:07:33,360: INFO/ForkPoolWorker-5] Task apps.integrations.meta.tasks.maintain_meta_tokens_task[e2fd3f59-22d1-49da-a3ef-ae940ccaee87] succeeded in 54.32425958699969s: {'checked': 10, 'verified': 10, 'refreshed': 0, 'invalid': 0, 'revoked': 0, 'retry': 0, 'skipped': 0, 'locked': 0}
[2026-10-06 11:07:34,818: DEBUG/ForkPoolWorker-1] INSIGHTS_CONTENT_DB_TIMINGS platform=instagram sync_state_id=0837f07d-479a-434e-bab8-f4fd80b20a3f work_id=28fa1731-23d6-4f43-a5e6-0adfbaa0fd04 generation=1 timing_summary={"measurements":{"helper":{"non_sql_residual":{"count":1,"max_seconds":0.004232041999784997,"total_seconds":0.004232041999784997},"store_media_metrics_wall_seconds":{"count":1,"max_seconds":1.7460424519995286,"total_seconds":1.7460424519995286}},"outer_transaction":{"outer_atomic_exit_seconds":{"count":1,"max_seconds":0.33767555499980517,"total_seconds":0.33767555499980517},"outer_transaction_wall_seconds":{"count":1,"max_seconds":4.521441931000481,"total_seconds":4.521441931000481}}},"sql":{"checkpoint":{"checkpoint_update":{"count":1,"max_seconds":0.4281413620001331,"total_seconds":0.4281413620001331}},"fence":{"other_safe_sql":{"count":3,"max_seconds":1.4444912610006213,"total_seconds":2.651803307001501}},"helper":{"select_for_update_content":{"count":1,"max_seconds":0.4235088599998562,"total_seconds":0.4235088599998562},"select_for_update_media":{"count":1,"max_seconds":0.555345546999888,"total_seconds":0.555345546999888},"update_content":{"count":1,"max_seconds":0.35431960000005347,"total_seconds":0.35431960000005347},"update_media":{"count":1,"max_seconds":0.40863640299994586,"total_seconds":0.40863640299994586}}}}
[2026-10-06 11:07:37,486: DEBUG/ForkPoolWorker-1] Starting new HTTPS connection (1): graph.instagram.com:443
[2026-10-06 11:07:40,580: DEBUG/ForkPoolWorker-1] https://graph.instagram.com:443 "GET /v26.0/18011976887953476/insights?metric=reach%2Cviews%2Cshares%2Csaved%2Ctotal_interactions&access_token=IGAAVNIMmR4dhBZAFlHM01OVU9lNU1ObUFiN1ctSmdpUk9SUU4zaC0zWnVPTXRadEJjalZAlNWVMX2dGZAUZAPSVBpcmgxVXkyZAXp5Q0JUTWtmXzZAyOENwczN6MHNOREY1M0xUYlp4WUhmLUEtanN5czlkamJR HTTP/1.1" 200 736
[2026-10-06 11:07:49,235: DEBUG/ForkPoolWorker-1] INSIGHTS_CONTENT_DB_TIMINGS platform=instagram sync_state_id=0837f07d-479a-434e-bab8-f4fd80b20a3f work_id=28fa1731-23d6-4f43-a5e6-0adfbaa0fd04 generation=1 timing_summary={"measurements":{"helper":{"non_sql_residual":{"count":1,"max_seconds":0.006865458000902436,"total_seconds":0.006865458000902436},"store_media_metrics_wall_seconds":{"count":1,"max_seconds":2.4058241669999916,"total_seconds":2.4058241669999916}},"outer_transaction":{"outer_atomic_exit_seconds":{"count":1,"max_seconds":0.6058190339999783,"total_seconds":0.6058190339999783},"outer_transaction_wall_seconds":{"count":1,"max_seconds":4.700100009999915,"total_seconds":4.700100009999915}}},"sql":{"checkpoint":{"checkpoint_update":{"count":1,"max_seconds":0.5735804830001143,"total_seconds":0.5735804830001143}},"fence":{"other_safe_sql":{"count":3,"max_seconds":0.7557219170003009,"total_seconds":1.4457299050000074}},"helper":{"select_for_update_content":{"count":1,"max_seconds":0.6126029799997923,"total_seconds":0.6126029799997923},"select_for_update_media":{"count":1,"max_seconds":0.5704307539999718,"total_seconds":0.5704307539999718},"update_content":{"count":1,"max_seconds":0.7029625229997691,"total_seconds":0.7029625229997691},"update_media":{"count":1,"max_seconds":0.5129624519995559,"total_seconds":0.5129624519995559}}}}
[2026-10-06 11:07:52,428: DEBUG/ForkPoolWorker-1] Starting new HTTPS connection (1): graph.instagram.com:443
[2026-10-06 11:07:53,511: DEBUG/ForkPoolWorker-1] https://graph.instagram.com:443 "GET /v26.0/18130357840742422/insights?metric=reach%2Cviews%2Cshares%2Csaved%2Ctotal_interactions&access_token=IGAAVNIMmR4dhBZAFlHM01OVU9lNU1ObUFiN1ctSmdpUk9SUU4zaC0zWnVPTXRadEJjalZAlNWVMX2dGZAUZAPSVBpcmgxVXkyZAXp5Q0JUTWtmXzZAyOENwczN6MHNOREY1M0xUYlp4WUhmLUEtanN5czlkamJR HTTP/1.1" 200 738
[2026-10-06 11:07:53,787: INFO/MainProcess] Task apps.organizations.tasks.activate_scheduled_subscriptions_task[2f2b056b-7440-4867-be78-d8a3e678ce29] received
[2026-10-06 11:07:53,788: DEBUG/MainProcess] TaskPool: Apply <function fast_trace_task at 0x7e1c43945260> (args:('apps.organizations.tasks.activate_scheduled_subscriptions_task', '2f2b056b-7440-4867-be78-d8a3e678ce29', {'lang': 'py', 'task': 'apps.organizations.tasks.activate_scheduled_subscriptions_task', 'id': '2f2b056b-7440-4867-be78-d8a3e678ce29', 'shadow': None, 'eta': None, 'expires': None, 'group': None, 'group_index': None, 'retries': 0, 'timelimit': [None, None], 'root_id': '2f2b056b-7440-4867-be78-d8a3e678ce29', 'parent_id': None, 'argsrepr': '()', 'kwargsrepr': '{}', 'origin': 'gen1190@MUTHUKRISHNAN', 'ignore_result': False, 'replaced_task_nesting': 0, 'stamped_headers': None, 'stamps': {}, 'properties': {'correlation_id': '2f2b056b-7440-4867-be78-d8a3e678ce29', 'reply_to': 'd758e68b-f976-31b7-8716-0b377edf4d27', 'delivery_mode': 2, 'delivery_info': {'exchange': '', 'routing_key': 'celery'}, 'priority': 0, 'body_encoding': 'base64', 'delivery_tag': '71e2e966-4416-4c05-98b4-98799c756210'}, 'reply_to': 'd758e68b-f976-31b7-8716-0b377edf4d27', 'correlation_id': '2f2b056b-7440-4867-be78-d8a3e678ce29',... kwargs:{})
[2026-10-06 11:07:53,944: INFO/MainProcess] Task apps.posts.tasks.dispatch_due_posts_task[1f239a15-59f8-4ff4-afde-28ecf568f481] received
[2026-10-06 11:07:53,945: DEBUG/MainProcess] TaskPool: Apply <function fast_trace_task at 0x7e1c43945260> (args:('apps.posts.tasks.dispatch_due_posts_task', '1f239a15-59f8-4ff4-afde-28ecf568f481', {'lang': 'py', 'task': 'apps.posts.tasks.dispatch_due_posts_task', 'id': '1f239a15-59f8-4ff4-afde-28ecf568f481', 'shadow': None, 'eta': None, 'expires': None, 'group': None, 'group_index': None, 'retries': 0, 'timelimit': [None, None], 'root_id': '1f239a15-59f8-4ff4-afde-28ecf568f481', 'parent_id': None, 'argsrepr': '()', 'kwargsrepr': '{}', 'origin': 'gen1190@MUTHUKRISHNAN', 'ignore_result': False, 'replaced_task_nesting': 0, 'stamped_headers': None, 'stamps': {}, 'properties': {'correlation_id': '1f239a15-59f8-4ff4-afde-28ecf568f481', 'reply_to': 'd758e68b-f976-31b7-8716-0b377edf4d27', 'delivery_mode': 2, 'delivery_info': {'exchange': '', 'routing_key': 'celery'}, 'priority': 0, 'body_encoding': 'base64', 'delivery_tag': 'fe15e272-c4ef-447b-9435-4433803e9da4'}, 'reply_to': 'd758e68b-f976-31b7-8716-0b377edf4d27', 'correlation_id': '1f239a15-59f8-4ff4-afde-28ecf568f481', 'hostname': 'celery@MUTHUKRISHNAN', 'delivery_info':... kwargs:{})
[2026-10-06 11:07:53,949: INFO/MainProcess] Task apps.insights.tasks.reconcile_insights_sync_work_task[0063f236-d7c0-4a5f-a154-5d8411ba1f9d] received
[2026-10-06 11:07:53,949: DEBUG/MainProcess] TaskPool: Apply <function fast_trace_task at 0x7e1c43945260> (args:('apps.insights.tasks.reconcile_insights_sync_work_task', '0063f236-d7c0-4a5f-a154-5d8411ba1f9d', {'lang': 'py', 'task': 'apps.insights.tasks.reconcile_insights_sync_work_task', 'id': '0063f236-d7c0-4a5f-a154-5d8411ba1f9d', 'shadow': None, 'eta': None, 'expires': None, 'group': None, 'group_index': None, 'retries': 0, 'timelimit': [None, None], 'root_id': '0063f236-d7c0-4a5f-a154-5d8411ba1f9d', 'parent_id': None, 'argsrepr': '()', 'kwargsrepr': '{}', 'origin': 'gen1190@MUTHUKRISHNAN', 'ignore_result': False, 'replaced_task_nesting': 0, 'stamped_headers': None, 'stamps': {}, 'properties': {'correlation_id': '0063f236-d7c0-4a5f-a154-5d8411ba1f9d', 'reply_to': 'd758e68b-f976-31b7-8716-0b377edf4d27', 'delivery_mode': 2, 'delivery_info': {'exchange': '', 'routing_key': 'celery'}, 'priority': 0, 'body_encoding': 'base64', 'delivery_tag': 'fbccd597-60b7-466b-94da-310e74b5046c'}, 'reply_to': 'd758e68b-f976-31b7-8716-0b377edf4d27', 'correlation_id': '0063f236-d7c0-4a5f-a154-5d8411ba1f9d', 'hostname':... kwargs:{})
[2026-10-06 11:07:56,940: INFO/ForkPoolWorker-3] Task apps.insights.tasks.reconcile_insights_sync_work_task[0063f236-d7c0-4a5f-a154-5d8411ba1f9d] succeeded in 2.9874597449997964s: {'candidates': 0, 'publish_attempts': 0, 'published': 0}
[2026-10-06 11:07:57,381: INFO/ForkPoolWorker-2] Task apps.posts.tasks.dispatch_due_posts_task[1f239a15-59f8-4ff4-afde-28ecf568f481] succeeded in 3.4348876399999426s: None
[2026-10-06 11:07:57,735: INFO/ForkPoolWorker-8] Task apps.organizations.tasks.activate_scheduled_subscriptions_task[2f2b056b-7440-4867-be78-d8a3e678ce29] succeeded in 3.9459178500001144s: {'activated_count': 0}
[2026-10-06 11:07:59,387: DEBUG/ForkPoolWorker-1] INSIGHTS_CONTENT_DB_TIMINGS platform=instagram sync_state_id=0837f07d-479a-434e-bab8-f4fd80b20a3f work_id=28fa1731-23d6-4f43-a5e6-0adfbaa0fd04 generation=1 timing_summary={"measurements":{"helper":{"non_sql_residual":{"count":1,"max_seconds":0.006322981000266736,"total_seconds":0.006322981000266736},"store_media_metrics_wall_seconds":{"count":1,"max_seconds":2.0775957810001273,"total_seconds":2.0775957810001273}},"outer_transaction":{"outer_atomic_exit_seconds":{"count":1,"max_seconds":0.5561349469999186,"total_seconds":0.5561349469999186},"outer_transaction_wall_seconds":{"count":1,"max_seconds":4.310265053999501,"total_seconds":4.310265053999501}}},"sql":{"checkpoint":{"checkpoint_update":{"count":1,"max_seconds":0.4183801979997952,"total_seconds":0.4183801979997952}},"fence":{"other_safe_sql":{"count":3,"max_seconds":0.8911451720005061,"total_seconds":1.8269578050003474}},"helper":{"select_for_update_content":{"count":1,"max_seconds":0.3744798039997477,"total_seconds":0.3744798039997477},"select_for_update_media":{"count":1,"max_seconds":0.6071899220005434,"total_seconds":0.6071899220005434},"update_content":{"count":1,"max_seconds":0.4178711340000518,"total_seconds":0.4178711340000518},"update_media":{"count":1,"max_seconds":0.6717319399995176,"total_seconds":0.6717319399995176}}}}
[2026-10-06 11:08:02,125: INFO/ForkPoolWorker-1] INSIGHTS_CONTENT_BATCH_END platform=instagram social_account_id=1b516411-ae4b-4a1d-a0bc-e7e524f34a52 sync_state_id=0837f07d-479a-434e-bab8-f4fd80b20a3f work_id=28fa1731-23d6-4f43-a5e6-0adfbaa0fd04 generation=1 outcome=processed_work status=syncing processed_count=5 discovered_count=6 total=null eligible_count=6 has_more=true cursor_present=true continue_work=true total_duration_seconds=107.82462746700003
[2026-10-06 11:08:02,125: DEBUG/ForkPoolWorker-1] INSIGHTS_CONTENT_BATCH_TIMINGS platform=instagram social_account_id=1b516411-ae4b-4a1d-a0bc-e7e524f34a52 sync_state_id=0837f07d-479a-434e-bab8-f4fd80b20a3f work_id=28fa1731-23d6-4f43-a5e6-0adfbaa0fd04 generation=1 provider_page_operation_seconds=7.078612983000312 provider_http_seconds=1.5224041029996442 provider_response_parse_seconds=0.0011498469993966864 pacer_wait_seconds=0.01957787300216296 page_persist_filter_seconds=18.627140048999536 page_transaction_seconds=22.529205627999545 metrics_operation_seconds=40.37491356999999 metrics_http_seconds=7.848862565999298 metrics_response_parse_seconds=0.0006978080000408227 metrics_values_parse_seconds=0.0002785359993140446 metrics_persistence_seconds=31.982256183000572 checkpoint_persistence_seconds=8.329979752000327 continuation_decision_seconds=2.7377381409996815
[2026-10-06 11:08:02,126: DEBUG/ForkPoolWorker-1] INSIGHTS_CONTENT_METRICS platform=instagram social_account_id=1b516411-ae4b-4a1d-a0bc-e7e524f34a52 sync_state_id=0837f07d-479a-434e-bab8-f4fd80b20a3f work_id=28fa1731-23d6-4f43-a5e6-0adfbaa0fd04 generation=1 operation=instagram_media_insights request_count=5 failed_count=0 duration_seconds=40.374914 http_duration_seconds=7.848863 max_http_duration_seconds=3.112202 response_parse_seconds=0.000698 pacing_wait_seconds=0.006728 http_statuses=200:5
[2026-10-06 11:08:05,413: DEBUG/ForkPoolWorker-1] Failed to enable maintenance notifications: unknown subcommand 'MAINT_NOTIFICATIONS'. Try CLIENT HELP.
[2026-10-06 11:08:05,424: DEBUG/ForkPoolWorker-1] Failed to enable maintenance notifications: unknown subcommand 'MAINT_NOTIFICATIONS'. Try CLIENT HELP.
[2026-10-06 11:08:05,431: INFO/MainProcess] Task apps.insights.tasks.sync_instagram_content_batch_task[efd46178-72f6-43e2-ad79-9535db5323ff] received
[2026-10-06 11:08:05,431: DEBUG/MainProcess] TaskPool: Apply <function fast_trace_task at 0x7e1c43945260> (args:('apps.insights.tasks.sync_instagram_content_batch_task', 'efd46178-72f6-43e2-ad79-9535db5323ff', {'lang': 'py', 'task': 'apps.insights.tasks.sync_instagram_content_batch_task', 'id': 'efd46178-72f6-43e2-ad79-9535db5323ff', 'shadow': None, 'eta': None, 'expires': None, 'group': None, 'group_index': None, 'retries': 0, 'timelimit': [None, None], 'root_id': '3e09c25a-4a12-4cee-bd5d-b31fb11c4ebe', 'parent_id': '3e09c25a-4a12-4cee-bd5d-b31fb11c4ebe', 'argsrepr': '()', 'kwargsrepr': "{'work_id': '28fa1731-23d6-4f43-a5e6-0adfbaa0fd04', 'generation': 1}", 'origin': 'gen1261@MUTHUKRISHNAN', 'ignore_result': False, 'replaced_task_nesting': 0, 'stamped_headers': None, 'stamps': {}, 'properties': {'correlation_id': 'efd46178-72f6-43e2-ad79-9535db5323ff', 'reply_to': '19083a11-028d-3522-b0f7-67ccd4f80815', 'delivery_mode': 2, 'delivery_info': {'exchange': '', 'routing_key': 'celery'}, 'priority': 0, 'body_encoding': 'base64', 'delivery_tag': '237b22e8-78d1-4964-b674-5accdef20f65'}, 'reply_to':... kwargs:{})
[2026-10-06 11:08:05,435: INFO/ForkPoolWorker-8] INSIGHTS_CONTENT_TASK_START platform=instagram work_id=28fa1731-23d6-4f43-a5e6-0adfbaa0fd04 generation=1
[2026-10-06 11:08:08,680: INFO/ForkPoolWorker-1] INSIGHTS_CONTENT_TASK_END platform=instagram social_account_id=unknown sync_state_id=0837f07d-479a-434e-bab8-f4fd80b20a3f work_id=28fa1731-23d6-4f43-a5e6-0adfbaa0fd04 generation=1 total_duration_seconds=121.464885 processed=5 discovered=unknown total=unknown continue=true outcome=syncing
[2026-10-06 11:08:08,683: INFO/ForkPoolWorker-1] Task apps.insights.tasks.sync_instagram_content_batch_task[3e09c25a-4a12-4cee-bd5d-b31fb11c4ebe] succeeded in 121.46978957700048s: {'status': 'syncing', 'continue': True, 'processed': 5}
[2026-10-06 11:08:11,420: INFO/ForkPoolWorker-8] INSIGHTS_CONTENT_TASK_CLAIM platform=instagram social_account_id=unknown sync_state_id=0837f07d-479a-434e-bab8-f4fd80b20a3f work_id=28fa1731-23d6-4f43-a5e6-0adfbaa0fd04 generation=1 duration_seconds=5.985180 outcome=claimed
[2026-10-06 11:08:12,319: INFO/ForkPoolWorker-8] INSIGHTS_CONTENT_BATCH_START platform=instagram social_account_id=1b516411-ae4b-4a1d-a0bc-e7e524f34a52 sync_state_id=0837f07d-479a-434e-bab8-f4fd80b20a3f work_id=28fa1731-23d6-4f43-a5e6-0adfbaa0fd04 generation=1 outcome=started discovered_count=6 processed_count=0 total=null
[2026-10-06 11:08:14,813: DEBUG/ForkPoolWorker-8] Starting new HTTPS connection (1): graph.instagram.com:443
[2026-10-06 11:08:16,141: DEBUG/ForkPoolWorker-8] https://graph.instagram.com:443 "GET /v26.0/18076152683706933/insights?metric=reach%2Cviews%2Cshares%2Csaved%2Ctotal_interactions&access_token=IGAAVNIMmR4dhBZAFlHM01OVU9lNU1ObUFiN1ctSmdpUk9SUU4zaC0zWnVPTXRadEJjalZAlNWVMX2dGZAUZAPSVBpcmgxVXkyZAXp5Q0JUTWtmXzZAyOENwczN6MHNOREY1M0xUYlp4WUhmLUEtanN5czlkamJR HTTP/1.1" 200 744
[2026-10-06 11:08:24,124: DEBUG/ForkPoolWorker-8] INSIGHTS_CONTENT_DB_TIMINGS platform=instagram sync_state_id=0837f07d-479a-434e-bab8-f4fd80b20a3f work_id=28fa1731-23d6-4f43-a5e6-0adfbaa0fd04 generation=1 timing_summary={"measurements":{"helper":{"non_sql_residual":{"count":1,"max_seconds":0.008378743998946447,"total_seconds":0.008378743998946447},"store_media_metrics_wall_seconds":{"count":1,"max_seconds":1.7164019479996568,"total_seconds":1.7164019479996568}},"outer_transaction":{"outer_atomic_exit_seconds":{"count":1,"max_seconds":0.4479544449995956,"total_seconds":0.4479544449995956},"outer_transaction_wall_seconds":{"count":1,"max_seconds":4.244199164999372,"total_seconds":4.244199164999372}}},"sql":{"checkpoint":{"checkpoint_update":{"count":1,"max_seconds":0.5961792469997818,"total_seconds":0.5961792469997818}},"fence":{"other_safe_sql":{"count":3,"max_seconds":1.1386751119998735,"total_seconds":2.0463659950000874}},"helper":{"select_for_update_content":{"count":1,"max_seconds":0.5628728760002559,"total_seconds":0.5628728760002559},"select_for_update_media":{"count":1,"max_seconds":0.3805674800005363,"total_seconds":0.3805674800005363},"update_content":{"count":1,"max_seconds":0.33971923399985826,"total_seconds":0.33971923399985826},"update_media":{"count":1,"max_seconds":0.4248636140000599,"total_seconds":0.4248636140000599}}}}
[2026-10-06 11:08:28,312: INFO/ForkPoolWorker-8] INSIGHTS_CONTENT_BATCH_END platform=instagram social_account_id=1b516411-ae4b-4a1d-a0bc-e7e524f34a52 sync_state_id=0837f07d-479a-434e-bab8-f4fd80b20a3f work_id=28fa1731-23d6-4f43-a5e6-0adfbaa0fd04 generation=1 outcome=processed_work status=syncing processed_count=1 discovered_count=6 total=null eligible_count=6 has_more=true cursor_present=true continue_work=true total_duration_seconds=16.891473503999805
[2026-10-06 11:08:28,313: DEBUG/ForkPoolWorker-8] INSIGHTS_CONTENT_BATCH_TIMINGS platform=instagram social_account_id=1b516411-ae4b-4a1d-a0bc-e7e524f34a52 sync_state_id=0837f07d-479a-434e-bab8-f4fd80b20a3f work_id=28fa1731-23d6-4f43-a5e6-0adfbaa0fd04 generation=1 provider_page_operation_seconds=0.0 provider_http_seconds=0.0 provider_response_parse_seconds=0.0 pacer_wait_seconds=0.0011129960003017914 page_persist_filter_seconds=0.0 page_transaction_seconds=0.0 metrics_operation_seconds=6.9908670780005195 metrics_http_seconds=1.4038809859994217 metrics_response_parse_seconds=0.0001719250003588968 metrics_values_parse_seconds=4.7368999730679207e-05 metrics_persistence_seconds=4.813539179000145 checkpoint_persistence_seconds=4.78523871499965 continuation_decision_seconds=4.188345513000058
[2026-10-06 11:08:28,313: DEBUG/ForkPoolWorker-8] INSIGHTS_CONTENT_METRICS platform=instagram social_account_id=1b516411-ae4b-4a1d-a0bc-e7e524f34a52 sync_state_id=0837f07d-479a-434e-bab8-f4fd80b20a3f work_id=28fa1731-23d6-4f43-a5e6-0adfbaa0fd04 generation=1 operation=instagram_media_insights request_count=1 failed_count=0 duration_seconds=6.990867 http_duration_seconds=1.403881 max_http_duration_seconds=1.403881 response_parse_seconds=0.000172 pacing_wait_seconds=0.001113 http_statuses=200:1
[2026-10-06 11:08:30,055: DEBUG/ForkPoolWorker-8] Failed to enable maintenance notifications: unknown subcommand 'MAINT_NOTIFICATIONS'. Try CLIENT HELP.
[2026-10-06 11:08:30,069: DEBUG/ForkPoolWorker-8] Failed to enable maintenance notifications: unknown subcommand 'MAINT_NOTIFICATIONS'. Try CLIENT HELP.
[2026-10-06 11:08:30,075: INFO/MainProcess] Task apps.insights.tasks.sync_instagram_content_batch_task[71ac26c2-5669-44f9-a59a-eca61cf1b618] received
[2026-10-06 11:08:30,076: DEBUG/MainProcess] TaskPool: Apply <function fast_trace_task at 0x7e1c43945260> (args:('apps.insights.tasks.sync_instagram_content_batch_task', '71ac26c2-5669-44f9-a59a-eca61cf1b618', {'lang': 'py', 'task': 'apps.insights.tasks.sync_instagram_content_batch_task', 'id': '71ac26c2-5669-44f9-a59a-eca61cf1b618', 'shadow': None, 'eta': None, 'expires': None, 'group': None, 'group_index': None, 'retries': 0, 'timelimit': [None, None], 'root_id': '3e09c25a-4a12-4cee-bd5d-b31fb11c4ebe', 'parent_id': 'efd46178-72f6-43e2-ad79-9535db5323ff', 'argsrepr': '()', 'kwargsrepr': "{'work_id': '28fa1731-23d6-4f43-a5e6-0adfbaa0fd04', 'generation': 1}", 'origin': 'gen1268@MUTHUKRISHNAN', 'ignore_result': False, 'replaced_task_nesting': 0, 'stamped_headers': None, 'stamps': {}, 'properties': {'correlation_id': '71ac26c2-5669-44f9-a59a-eca61cf1b618', 'reply_to': '09099f57-163d-3775-8452-b46140871438', 'delivery_mode': 2, 'delivery_info': {'exchange': '', 'routing_key': 'celery'}, 'priority': 0, 'body_encoding': 'base64', 'delivery_tag': '21d6593b-f217-4c01-ae29-fc8a00957a0a'}, 'reply_to':... kwargs:{})
[2026-10-06 11:08:30,080: INFO/ForkPoolWorker-1] INSIGHTS_CONTENT_TASK_START platform=instagram work_id=28fa1731-23d6-4f43-a5e6-0adfbaa0fd04 generation=1
[2026-10-06 11:08:33,313: INFO/ForkPoolWorker-8] INSIGHTS_CONTENT_TASK_END platform=instagram social_account_id=unknown sync_state_id=0837f07d-479a-434e-bab8-f4fd80b20a3f work_id=28fa1731-23d6-4f43-a5e6-0adfbaa0fd04 generation=1 total_duration_seconds=29.810532 processed=1 discovered=unknown total=unknown continue=true outcome=syncing
[2026-10-06 11:08:33,315: INFO/ForkPoolWorker-8] Task apps.insights.tasks.sync_instagram_content_batch_task[efd46178-72f6-43e2-ad79-9535db5323ff] succeeded in 29.814938749000248s: {'status': 'syncing', 'continue': True, 'processed': 1}
[2026-10-06 11:08:35,629: INFO/ForkPoolWorker-1] INSIGHTS_CONTENT_TASK_CLAIM platform=instagram social_account_id=unknown sync_state_id=0837f07d-479a-434e-bab8-f4fd80b20a3f work_id=28fa1731-23d6-4f43-a5e6-0adfbaa0fd04 generation=1 duration_seconds=5.548846 outcome=claimed
[2026-10-06 11:08:36,478: INFO/ForkPoolWorker-1] INSIGHTS_CONTENT_BATCH_START platform=instagram social_account_id=1b516411-ae4b-4a1d-a0bc-e7e524f34a52 sync_state_id=0837f07d-479a-434e-bab8-f4fd80b20a3f work_id=28fa1731-23d6-4f43-a5e6-0adfbaa0fd04 generation=1 outcome=started discovered_count=6 processed_count=0 total=null
[2026-10-06 11:08:39,364: DEBUG/ForkPoolWorker-1] Starting new HTTPS connection (1): graph.instagram.com:443
[2026-10-06 11:08:40,977: DEBUG/ForkPoolWorker-1] https://graph.instagram.com:443 "GET /v26.0/28652576194374075/media?fields=id%2Ccaption%2Cmedia_type%2Cpermalink%2Ctimestamp%2Clike_count%2Ccomments_count&limit=25&after=QVFIVEFCbTVvU3JvSjhId2JtTnVublRyRGtMQ0txd2FlV2wtX094YnQ4bGlnZA0dSd3ExU2k5NWlmNXd5VWJtN2piQ0w4ZAzRaYzRURlVBX2FvZAUVmX18wUmlB&access_token=IGAAVNIMmR4dhBZAFlHM01OVU9lNU1ObUFiN1ctSmdpUk9SUU4zaC0zWnVPTXRadEJjalZAlNWVMX2dGZAUZAPSVBpcmgxVXkyZAXp5Q0JUTWtmXzZAyOENwczN6MHNOREY1M0xUYlp4WUhmLUEtanN5czlkamJR HTTP/1.1" 200 6676
[2026-10-06 11:08:40,978: DEBUG/ForkPoolWorker-1] INSIGHTS_INSTAGRAM_HTTP operation=instagram_media_list duration_seconds=1.618994 http_status=200
[2026-10-06 11:08:43,412: INFO/ForkPoolWorker-1] INSIGHTS_CONTENT_PROVIDER_PAGE platform=instagram social_account_id=1b516411-ae4b-4a1d-a0bc-e7e524f34a52 sync_state_id=0837f07d-479a-434e-bab8-f4fd80b20a3f work_id=28fa1731-23d6-4f43-a5e6-0adfbaa0fd04 generation=1 operation=instagram_media_list duration_seconds=6.93405 http_duration_seconds=1.618994 response_parse_seconds=0.000285 pacer_wait_seconds=0.000956 http_status=200
[2026-10-06 11:08:47,181: INFO/ForkPoolWorker-1] INSIGHTS_CONTENT_PAGE_PERSIST platform=instagram social_account_id=1b516411-ae4b-4a1d-a0bc-e7e524f34a52 sync_state_id=0837f07d-479a-434e-bab8-f4fd80b20a3f work_id=28fa1731-23d6-4f43-a5e6-0adfbaa0fd04 generation=1 eligible_count=0 eligible_media=false discovered_count=6 total=null processed_count=0 has_more=true cursor_present=true duration_seconds=6.3e-05 transaction_duration_seconds=3.767959 checkpoint_duration_seconds=0.888963
[2026-10-06 11:08:50,404: DEBUG/ForkPoolWorker-1] Starting new HTTPS connection (1): graph.instagram.com:443
[2026-10-06 11:08:51,122: DEBUG/ForkPoolWorker-1] https://graph.instagram.com:443 "GET /v26.0/28652576194374075/media?fields=id%2Ccaption%2Cmedia_type%2Cpermalink%2Ctimestamp%2Clike_count%2Ccomments_count&limit=25&after=QVFIVEMtMnNHQVlLQlR2Sk9mYVVVRGJfUTFmSXZAfXzNuN0pPUWlYYXVTUFIxMFNCMm1xSTBoMWVwU0RURkZAybERUdnF0NmR3REhzcHQ2alJUWnJEZAUcwRmlB&access_token=IGAAVNIMmR4dhBZAFlHM01OVU9lNU1ObUFiN1ctSmdpUk9SUU4zaC0zWnVPTXRadEJjalZAlNWVMX2dGZAUZAPSVBpcmgxVXkyZAXp5Q0JUTWtmXzZAyOENwczN6MHNOREY1M0xUYlp4WUhmLUEtanN5czlkamJR HTTP/1.1" 200 6868
[2026-10-06 11:08:51,124: DEBUG/ForkPoolWorker-1] INSIGHTS_INSTAGRAM_HTTP operation=instagram_media_list duration_seconds=0.725220 http_status=200
[2026-10-06 11:08:53,787: INFO/MainProcess] Task apps.organizations.tasks.activate_scheduled_subscriptions_task[5ef5b997-6996-47dd-82b9-946d1aa7862c] received
[2026-10-06 11:08:53,788: DEBUG/MainProcess] TaskPool: Apply <function fast_trace_task at 0x7e1c43945260> (args:('apps.organizations.tasks.activate_scheduled_subscriptions_task', '5ef5b997-6996-47dd-82b9-946d1aa7862c', {'lang': 'py', 'task': 'apps.organizations.tasks.activate_scheduled_subscriptions_task', 'id': '5ef5b997-6996-47dd-82b9-946d1aa7862c', 'shadow': None, 'eta': None, 'expires': None, 'group': None, 'group_index': None, 'retries': 0, 'timelimit': [None, None], 'root_id': '5ef5b997-6996-47dd-82b9-946d1aa7862c', 'parent_id': None, 'argsrepr': '()', 'kwargsrepr': '{}', 'origin': 'gen1190@MUTHUKRISHNAN', 'ignore_result': False, 'replaced_task_nesting': 0, 'stamped_headers': None, 'stamps': {}, 'properties': {'correlation_id': '5ef5b997-6996-47dd-82b9-946d1aa7862c', 'reply_to': 'd758e68b-f976-31b7-8716-0b377edf4d27', 'delivery_mode': 2, 'delivery_info': {'exchange': '', 'routing_key': 'celery'}, 'priority': 0, 'body_encoding': 'base64', 'delivery_tag': '555537c4-b104-407f-b45e-185407953daf'}, 'reply_to': 'd758e68b-f976-31b7-8716-0b377edf4d27', 'correlation_id': '5ef5b997-6996-47dd-82b9-946d1aa7862c',... kwargs:{})
[2026-10-06 11:08:53,943: INFO/MainProcess] Task apps.posts.tasks.dispatch_due_posts_task[b8a8c8b4-a2c1-478f-a5c7-fc9841335bed] received
[2026-10-06 11:08:53,944: DEBUG/MainProcess] TaskPool: Apply <function fast_trace_task at 0x7e1c43945260> (args:('apps.posts.tasks.dispatch_due_posts_task', 'b8a8c8b4-a2c1-478f-a5c7-fc9841335bed', {'lang': 'py', 'task': 'apps.posts.tasks.dispatch_due_posts_task', 'id': 'b8a8c8b4-a2c1-478f-a5c7-fc9841335bed', 'shadow': None, 'eta': None, 'expires': None, 'group': None, 'group_index': None, 'retries': 0, 'timelimit': [None, None], 'root_id': 'b8a8c8b4-a2c1-478f-a5c7-fc9841335bed', 'parent_id': None, 'argsrepr': '()', 'kwargsrepr': '{}', 'origin': 'gen1190@MUTHUKRISHNAN', 'ignore_result': False, 'replaced_task_nesting': 0, 'stamped_headers': None, 'stamps': {}, 'properties': {'correlation_id': 'b8a8c8b4-a2c1-478f-a5c7-fc9841335bed', 'reply_to': 'd758e68b-f976-31b7-8716-0b377edf4d27', 'delivery_mode': 2, 'delivery_info': {'exchange': '', 'routing_key': 'celery'}, 'priority': 0, 'body_encoding': 'base64', 'delivery_tag': 'fb5ff32c-14d1-4609-85c4-cf5083f51c71'}, 'reply_to': 'd758e68b-f976-31b7-8716-0b377edf4d27', 'correlation_id': 'b8a8c8b4-a2c1-478f-a5c7-fc9841335bed', 'hostname': 'celery@MUTHUKRISHNAN', 'delivery_info':... kwargs:{})
[2026-10-06 11:08:53,949: INFO/MainProcess] Task apps.insights.tasks.reconcile_insights_sync_work_task[e69e863a-f50c-4990-97d5-a0156b04fe6f] received
[2026-10-06 11:08:53,949: DEBUG/MainProcess] TaskPool: Apply <function fast_trace_task at 0x7e1c43945260> (args:('apps.insights.tasks.reconcile_insights_sync_work_task', 'e69e863a-f50c-4990-97d5-a0156b04fe6f', {'lang': 'py', 'task': 'apps.insights.tasks.reconcile_insights_sync_work_task', 'id': 'e69e863a-f50c-4990-97d5-a0156b04fe6f', 'shadow': None, 'eta': None, 'expires': None, 'group': None, 'group_index': None, 'retries': 0, 'timelimit': [None, None], 'root_id': 'e69e863a-f50c-4990-97d5-a0156b04fe6f', 'parent_id': None, 'argsrepr': '()', 'kwargsrepr': '{}', 'origin': 'gen1190@MUTHUKRISHNAN', 'ignore_result': False, 'replaced_task_nesting': 0, 'stamped_headers': None, 'stamps': {}, 'properties': {'correlation_id': 'e69e863a-f50c-4990-97d5-a0156b04fe6f', 'reply_to': 'd758e68b-f976-31b7-8716-0b377edf4d27', 'delivery_mode': 2, 'delivery_info': {'exchange': '', 'routing_key': 'celery'}, 'priority': 0, 'body_encoding': 'base64', 'delivery_tag': 'e2dd4ea2-44ac-4e2e-91fb-9b9f34d1ee31'}, 'reply_to': 'd758e68b-f976-31b7-8716-0b377edf4d27', 'correlation_id': 'e69e863a-f50c-4990-97d5-a0156b04fe6f', 'hostname':... kwargs:{})
[2026-10-06 11:08:54,165: INFO/ForkPoolWorker-1] INSIGHTS_CONTENT_PROVIDER_PAGE platform=instagram social_account_id=1b516411-ae4b-4a1d-a0bc-e7e524f34a52 sync_state_id=0837f07d-479a-434e-bab8-f4fd80b20a3f work_id=28fa1731-23d6-4f43-a5e6-0adfbaa0fd04 generation=1 operation=instagram_media_list duration_seconds=6.984191 http_duration_seconds=0.72522 response_parse_seconds=0.000445 pacer_wait_seconds=0.000818 http_status=200
[2026-10-06 11:08:57,392: INFO/ForkPoolWorker-3] Task apps.insights.tasks.reconcile_insights_sync_work_task[e69e863a-f50c-4990-97d5-a0156b04fe6f] succeeded in 3.441041098999449s: {'candidates': 0, 'publish_attempts': 0, 'published': 0}
[2026-10-06 11:08:57,494: INFO/ForkPoolWorker-1] INSIGHTS_CONTENT_PAGE_PERSIST platform=instagram social_account_id=1b516411-ae4b-4a1d-a0bc-e7e524f34a52 sync_state_id=0837f07d-479a-434e-bab8-f4fd80b20a3f work_id=28fa1731-23d6-4f43-a5e6-0adfbaa0fd04 generation=1 eligible_count=0 eligible_media=false discovered_count=6 total=null processed_count=0 has_more=true cursor_present=true duration_seconds=6.5e-05 transaction_duration_seconds=3.328474 checkpoint_duration_seconds=0.417757
[2026-10-06 11:08:57,735: INFO/ForkPoolWorker-2] Task apps.posts.tasks.dispatch_due_posts_task[b8a8c8b4-a2c1-478f-a5c7-fc9841335bed] succeeded in 3.7896128869997483s: None
[2026-10-06 11:08:58,025: INFO/ForkPoolWorker-8] Task apps.organizations.tasks.activate_scheduled_subscriptions_task[5ef5b997-6996-47dd-82b9-946d1aa7862c] succeeded in 4.236197221000111s: {'activated_count': 0}
[2026-10-06 11:08:59,927: DEBUG/ForkPoolWorker-1] Starting new HTTPS connection (1): graph.instagram.com:443
[2026-10-06 11:08:59,456: DEBUG/ForkPoolWorker-1] https://graph.instagram.com:443 "GET /v26.0/28652576194374075/media?fields=id%2Ccaption%2Cmedia_type%2Cpermalink%2Ctimestamp%2Clike_count%2Ccomments_count&limit=25&after=QVFIVHJMWThOY0J1ZAkhkSzgwTGdLZAzU0OVhFblRhblJSQ3gwbVZA5TXhkbGRnWkhRLU5rdTMybXZABdWtad0NmWjF6ZA3dUMFJld0hPaXZAzN3BxOEtxVVhQZAmtR&access_token=IGAAVNIMmR4dhBZAFlHM01OVU9lNU1ObUFiN1ctSmdpUk9SUU4zaC0zWnVPTXRadEJjalZAlNWVMX2dGZAUZAPSVBpcmgxVXkyZAXp5Q0JUTWtmXzZAyOENwczN6MHNOREY1M0xUYlp4WUhmLUEtanN5czlkamJR HTTP/1.1" 200 7014
[2026-10-06 11:08:59,457: DEBUG/ForkPoolWorker-1] INSIGHTS_INSTAGRAM_HTTP operation=instagram_media_list duration_seconds=1.225619 http_status=200
[2026-10-06 11:09:02,461: INFO/ForkPoolWorker-1] INSIGHTS_CONTENT_PROVIDER_PAGE platform=instagram social_account_id=1b516411-ae4b-4a1d-a0bc-e7e524f34a52 sync_state_id=0837f07d-479a-434e-bab8-f4fd80b20a3f work_id=28fa1731-23d6-4f43-a5e6-0adfbaa0fd04 generation=1 operation=instagram_media_list duration_seconds=6.655892 http_duration_seconds=1.225619 response_parse_seconds=0.000351 pacer_wait_seconds=0.001548 http_status=200
[2026-10-06 11:09:05,568: INFO/ForkPoolWorker-1] INSIGHTS_CONTENT_PAGE_PERSIST platform=instagram social_account_id=1b516411-ae4b-4a1d-a0bc-e7e524f34a52 sync_state_id=0837f07d-479a-434e-bab8-f4fd80b20a3f work_id=28fa1731-23d6-4f43-a5e6-0adfbaa0fd04 generation=1 eligible_count=0 eligible_media=false discovered_count=6 total=null processed_count=0 has_more=true cursor_present=true duration_seconds=5.4e-05 transaction_duration_seconds=3.107285 checkpoint_duration_seconds=0.507822
[2026-10-06 11:09:08,445: DEBUG/ForkPoolWorker-1] Starting new HTTPS connection (1): graph.instagram.com:443
[2026-10-06 11:09:10,209: DEBUG/ForkPoolWorker-1] https://graph.instagram.com:443 "GET /v26.0/28652576194374075/media?fields=id%2Ccaption%2Cmedia_type%2Cpermalink%2Ctimestamp%2Clike_count%2Ccomments_count&limit=25&after=QVFIVEtjaXZAFTXJ4Nm9LRERnVXpKNDlpZAkx3NXA3cWNEVUdWWkVwcWRGTWt2d19SRFdDNm1ZAaGdUYmRYMFhzYkhOX1RvZAUplMkZAkdUxsanBvSExLMmZA3UWxn&access_token=IGAAVNIMmR4dhBZAFlHM01OVU9lNU1ObUFiN1ctSmdpUk9SUU4zaC0zWnVPTXRadEJjalZAlNWVMX2dGZAUZAPSVBpcmgxVXkyZAXp5Q0JUTWtmXzZAyOENwczN6MHNOREY1M0xUYlp4WUhmLUEtanN5czlkamJR HTTP/1.1" 200 7605
[2026-10-06 11:09:10,211: DEBUG/ForkPoolWorker-1] INSIGHTS_INSTAGRAM_HTTP operation=instagram_media_list duration_seconds=1.771268 http_status=200
[2026-10-06 11:09:13,726: INFO/ForkPoolWorker-1] INSIGHTS_CONTENT_PROVIDER_PAGE platform=instagram social_account_id=1b516411-ae4b-4a1d-a0bc-e7e524f34a52 sync_state_id=0837f07d-479a-434e-bab8-f4fd80b20a3f work_id=28fa1731-23d6-4f43-a5e6-0adfbaa0fd04 generation=1 operation=instagram_media_list duration_seconds=8.156944 http_duration_seconds=1.771268 response_parse_seconds=0.000269 pacer_wait_seconds=0.001133 http_status=200
[2026-10-06 11:09:16,895: INFO/ForkPoolWorker-1] INSIGHTS_CONTENT_PAGE_PERSIST platform=instagram social_account_id=1b516411-ae4b-4a1d-a0bc-e7e524f34a52 sync_state_id=0837f07d-479a-434e-bab8-f4fd80b20a3f work_id=28fa1731-23d6-4f43-a5e6-0adfbaa0fd04 generation=1 eligible_count=0 eligible_media=false discovered_count=6 total=null processed_count=0 has_more=true cursor_present=true duration_seconds=6.2e-05 transaction_duration_seconds=3.168998 checkpoint_duration_seconds=0.475744
[2026-10-06 11:09:19,578: DEBUG/ForkPoolWorker-1] Starting new HTTPS connection (1): graph.instagram.com:443
[2026-10-06 11:09:20,986: DEBUG/ForkPoolWorker-1] https://graph.instagram.com:443 "GET /v26.0/28652576194374075/media?fields=id%2Ccaption%2Cmedia_type%2Cpermalink%2Ctimestamp%2Clike_count%2Ccomments_count&limit=25&after=QVFIVEdHS1lLT0oySmtTMTVkd0g1alVNbEdWQW5FOGhUOXlWTG96eTBfYU5RM3FRSmd4WktlT3I4YmQ1aDNGSXdCMkRaSjRLZA2FmX0tvUTYtVkdWV082UE9n&access_token=IGAAVNIMmR4dhBZAFlHM01OVU9lNU1ObUFiN1ctSmdpUk9SUU4zaC0zWnVPTXRadEJjalZAlNWVMX2dGZAUZAPSVBpcmgxVXkyZAXp5Q0JUTWtmXzZAyOENwczN6MHNOREY1M0xUYlp4WUhmLUEtanN5czlkamJR HTTP/1.1" 200 6900
[2026-10-06 11:09:20,988: DEBUG/ForkPoolWorker-1] INSIGHTS_INSTAGRAM_HTTP operation=instagram_media_list duration_seconds=1.419196 http_status=200
[2026-10-06 11:09:24,026: INFO/ForkPoolWorker-1] INSIGHTS_CONTENT_PROVIDER_PAGE platform=instagram social_account_id=1b516411-ae4b-4a1d-a0bc-e7e524f34a52 sync_state_id=0837f07d-479a-434e-bab8-f4fd80b20a3f work_id=28fa1731-23d6-4f43-a5e6-0adfbaa0fd04 generation=1 operation=instagram_media_list duration_seconds=7.130922 http_duration_seconds=1.419196 response_parse_seconds=0.000427 pacer_wait_seconds=0.000892 http_status=200
[2026-10-06 11:09:27,624: INFO/ForkPoolWorker-1] INSIGHTS_CONTENT_PAGE_PERSIST platform=instagram social_account_id=1b516411-ae4b-4a1d-a0bc-e7e524f34a52 sync_state_id=0837f07d-479a-434e-bab8-f4fd80b20a3f work_id=28fa1731-23d6-4f43-a5e6-0adfbaa0fd04 generation=1 eligible_count=0 eligible_media=false discovered_count=6 total=null processed_count=0 has_more=true cursor_present=true duration_seconds=4.3e-05 transaction_duration_seconds=3.597905 checkpoint_duration_seconds=0.576734
[2026-10-06 11:09:30,542: DEBUG/ForkPoolWorker-1] Starting new HTTPS connection (1): graph.instagram.com:443
[2026-10-06 11:09:31,265: DEBUG/ForkPoolWorker-1] https://graph.instagram.com:443 "GET /v26.0/28652576194374075/media?fields=id%2Ccaption%2Cmedia_type%2Cpermalink%2Ctimestamp%2Clike_count%2Ccomments_count&limit=25&after=QVFIVHplUk1PVl9iRWVTZAXExQk9kQTVRb0o0R2dsMXJxYjFiMC1PSXJET2k4QmlwN0N4RG9CUFNHLTkxSFV4WDlTcVhnUGRIdUh3bE5QbnJiMlJHQU5HYXFn&access_token=IGAAVNIMmR4dhBZAFlHM01OVU9lNU1ObUFiN1ctSmdpUk9SUU4zaC0zWnVPTXRadEJjalZAlNWVMX2dGZAUZAPSVBpcmgxVXkyZAXp5Q0JUTWtmXzZAyOENwczN6MHNOREY1M0xUYlp4WUhmLUEtanN5czlkamJR HTTP/1.1" 200 6983
[2026-10-06 11:09:31,268: DEBUG/ForkPoolWorker-1] INSIGHTS_INSTAGRAM_HTTP operation=instagram_media_list duration_seconds=0.732725 http_status=200
[2026-10-06 11:09:32,672: INFO/ForkPoolWorker-1] INSIGHTS_CONTENT_PROVIDER_PAGE platform=instagram social_account_id=1b516411-ae4b-4a1d-a0bc-e7e524f34a52 sync_state_id=0837f07d-479a-434e-bab8-f4fd80b20a3f work_id=28fa1731-23d6-4f43-a5e6-0adfbaa0fd04 generation=1 operation=instagram_media_list duration_seconds=6.960878 http_duration_seconds=0.732725 response_parse_seconds=0.000244 pacer_wait_seconds=0.000861 http_status=200
[2026-10-06 11:09:35,697: INFO/ForkPoolWorker-1] INSIGHTS_CONTENT_PAGE_PERSIST platform=instagram social_account_id=1b516411-ae4b-4a1d-a0bc-e7e524f34a52 sync_state_id=0837f07d-479a-434e-bab8-f4fd80b20a3f work_id=28fa1731-23d6-4f43-a5e6-0adfbaa0fd04 generation=1 eligible_count=0 eligible_media=false discovered_count=6 total=null processed_count=0 has_more=true cursor_present=true duration_seconds=4e-05 transaction_duration_seconds=3.0247 checkpoint_duration_seconds=0.355905
[2026-10-06 11:09:38,274: DEBUG/ForkPoolWorker-1] Starting new HTTPS connection (1): graph.instagram.com:443
[2026-10-06 11:09:40,488: DEBUG/ForkPoolWorker-1] https://graph.instagram.com:443 "GET /v26.0/28652576194374075/media?fields=id%2Ccaption%2Cmedia_type%2Cpermalink%2Ctimestamp%2Clike_count%2Ccomments_count&limit=25&after=QVFIVFdmU3dsMGJnejEzYXA3bVVqQzdPMHZAWN3ZAoVlZAvbVBidU9FMVdySGJnaTV4ZAXlESjdjMVRxT0RtbVhMYVA2bWpSTWIyRjFDYUgySlQtdGNHbFg0UERB&access_token=IGAAVNIMmR4dhBZAFlHM01OVU9lNU1ObUFiN1ctSmdpUk9SUU4zaC0zWnVPTXRadEJjalZAlNWVMX2dGZAUZAPSVBpcmgxVXkyZAXp5Q0JUTWtmXzZAyOENwczN6MHNOREY1M0xUYlp4WUhmLUEtanN5czlkamJR HTTP/1.1" 200 4669
[2026-10-06 11:09:40,490: DEBUG/ForkPoolWorker-1] INSIGHTS_INSTAGRAM_HTTP operation=instagram_media_list duration_seconds=2.225678 http_status=200
[2026-10-06 11:09:43,826: INFO/ForkPoolWorker-1] INSIGHTS_CONTENT_PROVIDER_PAGE platform=instagram social_account_id=1b516411-ae4b-4a1d-a0bc-e7e524f34a52 sync_state_id=0837f07d-479a-434e-bab8-f4fd80b20a3f work_id=28fa1731-23d6-4f43-a5e6-0adfbaa0fd04 generation=1 operation=instagram_media_list duration_seconds=8.128584 http_duration_seconds=2.225678 response_parse_seconds=0.000249 pacer_wait_seconds=0.001073 http_status=200
[2026-10-06 11:09:47,031: INFO/ForkPoolWorker-1] INSIGHTS_CONTENT_PAGE_PERSIST platform=instagram social_account_id=1b516411-ae4b-4a1d-a0bc-e7e524f34a52 sync_state_id=0837f07d-479a-434e-bab8-f4fd80b20a3f work_id=28fa1731-23d6-4f43-a5e6-0adfbaa0fd04 generation=1 eligible_count=0 eligible_media=false discovered_count=6 total=6 processed_count=0 has_more=false cursor_present=false duration_seconds=3.2e-05 transaction_duration_seconds=3.204913 checkpoint_duration_seconds=0.379119
[2026-10-06 11:09:52,368: INFO/ForkPoolWorker-1] INSIGHTS_CONTENT_BATCH_END platform=instagram social_account_id=1b516411-ae4b-4a1d-a0bc-e7e524f34a52 sync_state_id=0837f07d-479a-434e-bab8-f4fd80b20a3f work_id=28fa1731-23d6-4f43-a5e6-0adfbaa0fd04 generation=1 outcome=zero_eligible_final_page status=complete processed_count=0 discovered_count=6 total=6 eligible_count=0 has_more=false cursor_present=false continue_work=false total_duration_seconds=80.34159755300061
[2026-10-06 11:09:52,368: DEBUG/ForkPoolWorker-1] INSIGHTS_CONTENT_BATCH_TIMINGS platform=instagram social_account_id=1b516411-ae4b-4a1d-a0bc-e7e524f34a52 sync_state_id=0837f07d-479a-434e-bab8-f4fd80b20a3f work_id=28fa1731-23d6-4f43-a5e6-0adfbaa0fd04 generation=1 provider_page_operation_seconds=50.951460853000754 provider_http_seconds=9.718699457000184 provider_response_parse_seconds=0.0022704709990648553 pacer_wait_seconds=0.007280437998815614 page_persist_filter_seconds=0.0003598120010792627 page_transaction_seconds=23.200235186999635 metrics_operation_seconds=0.0 metrics_http_seconds=0.0 metrics_response_parse_seconds=0.0 metrics_values_parse_seconds=0.0 metrics_persistence_seconds=0.0 checkpoint_persistence_seconds=7.972684064000532 continuation_decision_seconds=4.759860019000371
[2026-10-06 11:09:52,368: INFO/ForkPoolWorker-1] INSIGHTS_CONTENT_TASK_END platform=instagram social_account_id=unknown sync_state_id=0837f07d-479a-434e-bab8-f4fd80b20a3f work_id=28fa1731-23d6-4f43-a5e6-0adfbaa0fd04 generation=1 total_duration_seconds=85.891094 processed=0 discovered=unknown total=6 continue=false outcome=complete
[2026-10-06 11:09:52,371: INFO/ForkPoolWorker-1] Task apps.insights.tasks.sync_instagram_content_batch_task[71ac26c2-5669-44f9-a59a-eca61cf1b618] succeeded in 85.89665518199945s: {'status': 'complete', 'content_status': 'complete', 'processed': 0, 'items_processed': 6, 'items_total': 6}
[2026-10-06 11:09:53,801: INFO/MainProcess] Task apps.organizations.tasks.activate_scheduled_subscriptions_task[08d6b4d1-1940-4a34-ad49-f8fb8b33b193] received
[2026-10-06 11:09:53,801: DEBUG/MainProcess] TaskPool: Apply <function fast_trace_task at 0x7e1c43945260> (args:('apps.organizations.tasks.activate_scheduled_subscriptions_task', '08d6b4d1-1940-4a34-ad49-f8fb8b33b193', {'lang': 'py', 'task': 'apps.organizations.tasks.activate_scheduled_subscriptions_task', 'id': '08d6b4d1-1940-4a34-ad49-f8fb8b33b193', 'shadow': None, 'eta': None, 'expires': None, 'group': None, 'group_index': None, 'retries': 0, 'timelimit': [None, None], 'root_id': '08d6b4d1-1940-4a34-ad49-f8fb8b33b193', 'parent_id': None, 'argsrepr': '()', 'kwargsrepr': '{}', 'origin': 'gen1190@MUTHUKRISHNAN', 'ignore_result': False, 'replaced_task_nesting': 0, 'stamped_headers': None, 'stamps': {}, 'properties': {'correlation_id': '08d6b4d1-1940-4a34-ad49-f8fb8b33b193', 'reply_to': 'd758e68b-f976-31b7-8716-0b377edf4d27', 'delivery_mode': 2, 'delivery_info': {'exchange': '', 'routing_key': 'celery'}, 'priority': 0, 'body_encoding': 'base64', 'delivery_tag': '681c4bc6-ed09-4a0d-8247-82da0e373dd7'}, 'reply_to': 'd758e68b-f976-31b7-8716-0b377edf4d27', 'correlation_id': '08d6b4d1-1940-4a34-ad49-f8fb8b33b193',... kwargs:{})
[2026-10-06 11:09:53,946: INFO/MainProcess] Task apps.posts.tasks.dispatch_due_posts_task[983efca3-f900-4510-bb89-45bd0d4433d9] received
[2026-10-06 11:09:53,947: DEBUG/MainProcess] TaskPool: Apply <function fast_trace_task at 0x7e1c43945260> (args:('apps.posts.tasks.dispatch_due_posts_task', '983efca3-f900-4510-bb89-45bd0d4433d9', {'lang': 'py', 'task': 'apps.posts.tasks.dispatch_due_posts_task', 'id': '983efca3-f900-4510-bb89-45bd0d4433d9', 'shadow': None, 'eta': None, 'expires': None, 'group': None, 'group_index': None, 'retries': 0, 'timelimit': [None, None], 'root_id': '983efca3-f900-4510-bb89-45bd0d4433d9', 'parent_id': None, 'argsrepr': '()', 'kwargsrepr': '{}', 'origin': 'gen1190@MUTHUKRISHNAN', 'ignore_result': False, 'replaced_task_nesting': 0, 'stamped_headers': None, 'stamps': {}, 'properties': {'correlation_id': '983efca3-f900-4510-bb89-45bd0d4433d9', 'reply_to': 'd758e68b-f976-31b7-8716-0b377edf4d27', 'delivery_mode': 2, 'delivery_info': {'exchange': '', 'routing_key': 'celery'}, 'priority': 0, 'body_encoding': 'base64', 'delivery_tag': '383136f5-43c2-464a-8f79-4807a22692d9'}, 'reply_to': 'd758e68b-f976-31b7-8716-0b377edf4d27', 'correlation_id': '983efca3-f900-4510-bb89-45bd0d4433d9', 'hostname': 'celery@MUTHUKRISHNAN', 'delivery_info':... kwargs:{})
[2026-10-06 11:09:53,951: INFO/MainProcess] Task apps.insights.tasks.reconcile_insights_sync_work_task[5e5bfd1a-418b-4c36-95ba-7bf48eef9f93] received
[2026-10-06 11:09:53,952: DEBUG/MainProcess] TaskPool: Apply <function fast_trace_task at 0x7e1c43945260> (args:('apps.insights.tasks.reconcile_insights_sync_work_task', '5e5bfd1a-418b-4c36-95ba-7bf48eef9f93', {'lang': 'py', 'task': 'apps.insights.tasks.reconcile_insights_sync_work_task', 'id': '5e5bfd1a-418b-4c36-95ba-7bf48eef9f93', 'shadow': None, 'eta': None, 'expires': None, 'group': None, 'group_index': None, 'retries': 0, 'timelimit': [None, None], 'root_id': '5e5bfd1a-418b-4c36-95ba-7bf48eef9f93', 'parent_id': None, 'argsrepr': '()', 'kwargsrepr': '{}', 'origin': 'gen1190@MUTHUKRISHNAN', 'ignore_result': False, 'replaced_task_nesting': 0, 'stamped_headers': None, 'stamps': {}, 'properties': {'correlation_id': '5e5bfd1a-418b-4c36-95ba-7bf48eef9f93', 'reply_to': 'd758e68b-f976-31b7-8716-0b377edf4d27', 'delivery_mode': 2, 'delivery_info': {'exchange': '', 'routing_key': 'celery'}, 'priority': 0, 'body_encoding': 'base64', 'delivery_tag': 'a26d8236-2f70-45f3-8f7b-98f440c93805'}, 'reply_to': 'd758e68b-f976-31b7-8716-0b377edf4d27', 'correlation_id': '5e5bfd1a-418b-4c36-95ba-7bf48eef9f93', 'hostname':... kwargs:{})
[2026-10-06 11:09:57,058: INFO/ForkPoolWorker-2] Task apps.insights.tasks.reconcile_insights_sync_work_task[5e5bfd1a-418b-4c36-95ba-7bf48eef9f93] succeeded in 3.1052912759996616s: {'candidates': 0, 'publish_attempts': 0, 'published': 0}
[2026-10-06 11:09:57,781: INFO/ForkPoolWorker-1] Task apps.posts.tasks.dispatch_due_posts_task[983efca3-f900-4510-bb89-45bd0d4433d9] succeeded in 3.832530577000398s: None
[2026-10-06 11:09:58,171: INFO/ForkPoolWorker-8] Task apps.organizations.tasks.activate_scheduled_subscriptions_task[08d6b4d1-1940-4a34-ad49-f8fb8b33b193] succeeded in 4.36864811399937s: {'activated_count': 0}
[2026-10-06 11:10:53,800: INFO/MainProcess] Task apps.organizations.tasks.activate_scheduled_subscriptions_task[457c06ab-803d-47cd-bbb2-83bca0cc6cd9] received
[2026-10-06 11:10:53,800: DEBUG/MainProcess] TaskPool: Apply <function fast_trace_task at 0x7e1c43945260> (args:('apps.organizations.tasks.activate_scheduled_subscriptions_task', '457c06ab-803d-47cd-bbb2-83bca0cc6cd9', {'lang': 'py', 'task': 'apps.organizations.tasks.activate_scheduled_subscriptions_task', 'id': '457c06ab-803d-47cd-bbb2-83bca0cc6cd9', 'shadow': None, 'eta': None, 'expires': None, 'group': None, 'group_index': None, 'retries': 0, 'timelimit': [None, None], 'root_id': '457c06ab-803d-47cd-bbb2-83bca0cc6cd9', 'parent_id': None, 'argsrepr': '()', 'kwargsrepr': '{}', 'origin': 'gen1190@MUTHUKRISHNAN', 'ignore_result': False, 'replaced_task_nesting': 0, 'stamped_headers': None, 'stamps': {}, 'properties': {'correlation_id': '457c06ab-803d-47cd-bbb2-83bca0cc6cd9', 'reply_to': 'd758e68b-f976-31b7-8716-0b377edf4d27', 'delivery_mode': 2, 'delivery_info': {'exchange': '', 'routing_key': 'celery'}, 'priority': 0, 'body_encoding': 'base64', 'delivery_tag': 'd102b6fb-28c2-4959-a37d-d6905d0db445'}, 'reply_to': 'd758e68b-f976-31b7-8716-0b377edf4d27', 'correlation_id': '457c06ab-803d-47cd-bbb2-83bca0cc6cd9',... kwargs:{})
[2026-10-06 11:10:53,945: INFO/MainProcess] Task apps.posts.tasks.dispatch_due_posts_task[87fcfccf-9fc3-4eff-afe9-5a4c81d8fcf3] received
[2026-10-06 11:10:53,946: DEBUG/MainProcess] TaskPool: Apply <function fast_trace_task at 0x7e1c43945260> (args:('apps.posts.tasks.dispatch_due_posts_task', '87fcfccf-9fc3-4eff-afe9-5a4c81d8fcf3', {'lang': 'py', 'task': 'apps.posts.tasks.dispatch_due_posts_task', 'id': '87fcfccf-9fc3-4eff-afe9-5a4c81d8fcf3', 'shadow': None, 'eta': None, 'expires': None, 'group': None, 'group_index': None, 'retries': 0, 'timelimit': [None, None], 'root_id': '87fcfccf-9fc3-4eff-afe9-5a4c81d8fcf3', 'parent_id': None, 'argsrepr': '()', 'kwargsrepr': '{}', 'origin': 'gen1190@MUTHUKRISHNAN', 'ignore_result': False, 'replaced_task_nesting': 0, 'stamped_headers': None, 'stamps': {}, 'properties': {'correlation_id': '87fcfccf-9fc3-4eff-afe9-5a4c81d8fcf3', 'reply_to': 'd758e68b-f976-31b7-8716-0b377edf4d27', 'delivery_mode': 2, 'delivery_info': {'exchange': '', 'routing_key': 'celery'}, 'priority': 0, 'body_encoding': 'base64', 'delivery_tag': 'dc0b9a24-a378-40be-894b-bb3a2aba484c'}, 'reply_to': 'd758e68b-f976-31b7-8716-0b377edf4d27', 'correlation_id': '87fcfccf-9fc3-4eff-afe9-5a4c81d8fcf3', 'hostname': 'celery@MUTHUKRISHNAN', 'delivery_info':... kwargs:{})
[2026-10-06 11:10:53,954: INFO/MainProcess] Task apps.insights.tasks.reconcile_insights_sync_work_task[91d42dcc-462b-4811-874f-9ae49b5b0094] received
[2026-10-06 11:10:53,954: DEBUG/MainProcess] TaskPool: Apply <function fast_trace_task at 0x7e1c43945260> (args:('apps.insights.tasks.reconcile_insights_sync_work_task', '91d42dcc-462b-4811-874f-9ae49b5b0094', {'lang': 'py', 'task': 'apps.insights.tasks.reconcile_insights_sync_work_task', 'id': '91d42dcc-462b-4811-874f-9ae49b5b0094', 'shadow': None, 'eta': None, 'expires': None, 'group': None, 'group_index': None, 'retries': 0, 'timelimit': [None, None], 'root_id': '91d42dcc-462b-4811-874f-9ae49b5b0094', 'parent_id': None, 'argsrepr': '()', 'kwargsrepr': '{}', 'origin': 'gen1190@MUTHUKRISHNAN', 'ignore_result': False, 'replaced_task_nesting': 0, 'stamped_headers': None, 'stamps': {}, 'properties': {'correlation_id': '91d42dcc-462b-4811-874f-9ae49b5b0094', 'reply_to': 'd758e68b-f976-31b7-8716-0b377edf4d27', 'delivery_mode': 2, 'delivery_info': {'exchange': '', 'routing_key': 'celery'}, 'priority': 0, 'body_encoding': 'base64', 'delivery_tag': '00be5df6-3427-4e92-8da6-52bed9f88760'}, 'reply_to': 'd758e68b-f976-31b7-8716-0b377edf4d27', 'correlation_id': '91d42dcc-462b-4811-874f-9ae49b5b0094', 'hostname':... kwargs:{})
[2026-10-06 11:10:57,104: INFO/ForkPoolWorker-2] Task apps.insights.tasks.reconcile_insights_sync_work_task[91d42dcc-462b-4811-874f-9ae49b5b0094] succeeded in 3.1442159340003855s: {'candidates': 0, 'publish_attempts': 0, 'published': 0}
[2026-10-06 11:10:57,704: INFO/ForkPoolWorker-1] Task apps.posts.tasks.dispatch_due_posts_task[87fcfccf-9fc3-4eff-afe9-5a4c81d8fcf3] succeeded in 3.7567707610005527s: None
[2026-10-06 11:10:58,048: INFO/ForkPoolWorker-8] Task apps.organizations.tasks.activate_scheduled_subscriptions_task[457c06ab-803d-47cd-bbb2-83bca0cc6cd9] succeeded in 4.246687388000282s: {'activated_count': 0}
[2026-10-06 11:11:42,779: INFO/MainProcess] Task apps.posts.tasks.reconcile_ambiguous_instagram_publishes_task[7d7ce219-fef6-4e03-9ef7-d4e599c0af62] received
[2026-10-06 11:11:42,780: DEBUG/MainProcess] TaskPool: Apply <function fast_trace_task at 0x7e1c43945260> (args:('apps.posts.tasks.reconcile_ambiguous_instagram_publishes_task', '7d7ce219-fef6-4e03-9ef7-d4e599c0af62', {'lang': 'py', 'task': 'apps.posts.tasks.reconcile_ambiguous_instagram_publishes_task', 'id': '7d7ce219-fef6-4e03-9ef7-d4e599c0af62', 'shadow': None, 'eta': None, 'expires': None, 'group': None, 'group_index': None, 'retries': 0, 'timelimit': [None, None], 'root_id': '7d7ce219-fef6-4e03-9ef7-d4e599c0af62', 'parent_id': None, 'argsrepr': '()', 'kwargsrepr': '{}', 'origin': 'gen1190@MUTHUKRISHNAN', 'ignore_result': False, 'replaced_task_nesting': 0, 'stamped_headers': None, 'stamps': {}, 'properties': {'correlation_id': '7d7ce219-fef6-4e03-9ef7-d4e599c0af62', 'reply_to': 'd758e68b-f976-31b7-8716-0b377edf4d27', 'delivery_mode': 2, 'delivery_info': {'exchange': '', 'routing_key': 'celery'}, 'priority': 0, 'body_encoding': 'base64', 'delivery_tag': '9abd1732-de8f-495d-9559-9734c3f9b841'}, 'reply_to': 'd758e68b-f976-31b7-8716-0b377edf4d27', 'correlation_id': '7d7ce219-fef6-4e03-9ef7-d4e599c0af62', 'hostname':... kwargs:{})
[2026-10-06 11:11:46,956: INFO/ForkPoolWorker-8] Task apps.posts.tasks.reconcile_ambiguous_instagram_publishes_task[7d7ce219-fef6-4e03-9ef7-d4e599c0af62] succeeded in 4.174587715000598s: None
[2026-10-06 11:11:53,821: INFO/MainProcess] Task apps.organizations.tasks.activate_scheduled_subscriptions_task[b23da31b-b919-4075-9a0b-3f897a834822] received
[2026-10-06 11:11:53,822: DEBUG/MainProcess] TaskPool: Apply <function fast_trace_task at 0x7e1c43945260> (args:('apps.organizations.tasks.activate_scheduled_subscriptions_task', 'b23da31b-b919-4075-9a0b-3f897a834822', {'lang': 'py', 'task': 'apps.organizations.tasks.activate_scheduled_subscriptions_task', 'id': 'b23da31b-b919-4075-9a0b-3f897a834822', 'shadow': None, 'eta': None, 'expires': None, 'group': None, 'group_index': None, 'retries': 0, 'timelimit': [None, None], 'root_id': 'b23da31b-b919-4075-9a0b-3f897a834822', 'parent_id': None, 'argsrepr': '()', 'kwargsrepr': '{}', 'origin': 'gen1190@MUTHUKRISHNAN', 'ignore_result': False, 'replaced_task_nesting': 0, 'stamped_headers': None, 'stamps': {}, 'properties': {'correlation_id': 'b23da31b-b919-4075-9a0b-3f897a834822', 'reply_to': 'd758e68b-f976-31b7-8716-0b377edf4d27', 'delivery_mode': 2, 'delivery_info': {'exchange': '', 'routing_key': 'celery'}, 'priority': 0, 'body_encoding': 'base64', 'delivery_tag': '33415cc3-8bef-4489-beff-b0c62df08654'}, 'reply_to': 'd758e68b-f976-31b7-8716-0b377edf4d27', 'correlation_id': 'b23da31b-b919-4075-9a0b-3f897a834822',... kwargs:{})
[2026-10-06 11:11:53,947: INFO/MainProcess] Task apps.posts.tasks.dispatch_due_posts_task[47cce32a-2b91-4084-a7e5-33b8074c414f] received
[2026-10-06 11:11:53,947: DEBUG/MainProcess] TaskPool: Apply <function fast_trace_task at 0x7e1c43945260> (args:('apps.posts.tasks.dispatch_due_posts_task', '47cce32a-2b91-4084-a7e5-33b8074c414f', {'lang': 'py', 'task': 'apps.posts.tasks.dispatch_due_posts_task', 'id': '47cce32a-2b91-4084-a7e5-33b8074c414f', 'shadow': None, 'eta': None, 'expires': None, 'group': None, 'group_index': None, 'retries': 0, 'timelimit': [None, None], 'root_id': '47cce32a-2b91-4084-a7e5-33b8074c414f', 'parent_id': None, 'argsrepr': '()', 'kwargsrepr': '{}', 'origin': 'gen1190@MUTHUKRISHNAN', 'ignore_result': False, 'replaced_task_nesting': 0, 'stamped_headers': None, 'stamps': {}, 'properties': {'correlation_id': '47cce32a-2b91-4084-a7e5-33b8074c414f', 'reply_to': 'd758e68b-f976-31b7-8716-0b377edf4d27', 'delivery_mode': 2, 'delivery_info': {'exchange': '', 'routing_key': 'celery'}, 'priority': 0, 'body_encoding': 'base64', 'delivery_tag': '603cbeee-bec6-4b46-843a-ba8e5a20ea7f'}, 'reply_to': 'd758e68b-f976-31b7-8716-0b377edf4d27', 'correlation_id': '47cce32a-2b91-4084-a7e5-33b8074c414f', 'hostname': 'celery@MUTHUKRISHNAN', 'delivery_info':... kwargs:{})
[2026-10-06 11:11:53,959: INFO/MainProcess] Task apps.insights.tasks.reconcile_insights_sync_work_task[88935900-a58a-4763-a150-9634691e3a4f] received
[2026-10-06 11:11:53,959: DEBUG/MainProcess] TaskPool: Apply <function fast_trace_task at 0x7e1c43945260> (args:('apps.insights.tasks.reconcile_insights_sync_work_task', '88935900-a58a-4763-a150-9634691e3a4f', {'lang': 'py', 'task': 'apps.insights.tasks.reconcile_insights_sync_work_task', 'id': '88935900-a58a-4763-a150-9634691e3a4f', 'shadow': None, 'eta': None, 'expires': None, 'group': None, 'group_index': None, 'retries': 0, 'timelimit': [None, None], 'root_id': '88935900-a58a-4763-a150-9634691e3a4f', 'parent_id': None, 'argsrepr': '()', 'kwargsrepr': '{}', 'origin': 'gen1190@MUTHUKRISHNAN', 'ignore_result': False, 'replaced_task_nesting': 0, 'stamped_headers': None, 'stamps': {}, 'properties': {'correlation_id': '88935900-a58a-4763-a150-9634691e3a4f', 'reply_to': 'd758e68b-f976-31b7-8716-0b377edf4d27', 'delivery_mode': 2, 'delivery_info': {'exchange': '', 'routing_key': 'celery'}, 'priority': 0, 'body_encoding': 'base64', 'delivery_tag': '744a40e4-271b-4023-a147-bca7f4ee404a'}, 'reply_to': 'd758e68b-f976-31b7-8716-0b377edf4d27', 'correlation_id': '88935900-a58a-4763-a150-9634691e3a4f', 'hostname':... kwargs:{})
[2026-10-06 11:11:56,674: INFO/ForkPoolWorker-2] Task apps.insights.tasks.reconcile_insights_sync_work_task[88935900-a58a-4763-a150-9634691e3a4f] succeeded in 2.7130080710003313s: {'candidates': 0, 'publish_attempts': 0, 'published': 0}
[2026-10-06 11:11:56,979: INFO/ForkPoolWorker-1] Task apps.posts.tasks.dispatch_due_posts_task[47cce32a-2b91-4084-a7e5-33b8074c414f] succeeded in 3.0285112840001602s: None
[2026-10-06 11:11:57,415: INFO/ForkPoolWorker-8] Task apps.organizations.tasks.activate_scheduled_subscriptions_task[b23da31b-b919-4075-9a0b-3f897a834822] succeeded in 3.5908577390000573s: {'activated_count': 0}
[2026-10-06 11:12:53,814: INFO/MainProcess] Task apps.organizations.tasks.activate_scheduled_subscriptions_task[90c63491-ca5a-4510-b5a9-60df53ab69ef] received
[2026-10-06 11:12:53,814: DEBUG/MainProcess] TaskPool: Apply <function fast_trace_task at 0x7e1c43945260> (args:('apps.organizations.tasks.activate_scheduled_subscriptions_task', '90c63491-ca5a-4510-b5a9-60df53ab69ef', {'lang': 'py', 'task': 'apps.organizations.tasks.activate_scheduled_subscriptions_task', 'id': '90c63491-ca5a-4510-b5a9-60df53ab69ef', 'shadow': None, 'eta': None, 'expires': None, 'group': None, 'group_index': None, 'retries': 0, 'timelimit': [None, None], 'root_id': '90c63491-ca5a-4510-b5a9-60df53ab69ef', 'parent_id': None, 'argsrepr': '()', 'kwargsrepr': '{}', 'origin': 'gen1190@MUTHUKRISHNAN', 'ignore_result': False, 'replaced_task_nesting': 0, 'stamped_headers': None, 'stamps': {}, 'properties': {'correlation_id': '90c63491-ca5a-4510-b5a9-60df53ab69ef', 'reply_to': 'd758e68b-f976-31b7-8716-0b377edf4d27', 'delivery_mode': 2, 'delivery_info': {'exchange': '', 'routing_key': 'celery'}, 'priority': 0, 'body_encoding': 'base64', 'delivery_tag': '1f18fb1f-8d9d-41ff-8bfd-7b01b2e6bd16'}, 'reply_to': 'd758e68b-f976-31b7-8716-0b377edf4d27', 'correlation_id': '90c63491-ca5a-4510-b5a9-60df53ab69ef',... kwargs:{})
[2026-10-06 11:12:53,944: INFO/MainProcess] Task apps.posts.tasks.dispatch_due_posts_task[8f16671a-238f-4214-8632-7d3956b711cd] received
[2026-10-06 11:12:53,945: DEBUG/MainProcess] TaskPool: Apply <function fast_trace_task at 0x7e1c43945260> (args:('apps.posts.tasks.dispatch_due_posts_task', '8f16671a-238f-4214-8632-7d3956b711cd', {'lang': 'py', 'task': 'apps.posts.tasks.dispatch_due_posts_task', 'id': '8f16671a-238f-4214-8632-7d3956b711cd', 'shadow': None, 'eta': None, 'expires': None, 'group': None, 'group_index': None, 'retries': 0, 'timelimit': [None, None], 'root_id': '8f16671a-238f-4214-8632-7d3956b711cd', 'parent_id': None, 'argsrepr': '()', 'kwargsrepr': '{}', 'origin': 'gen1190@MUTHUKRISHNAN', 'ignore_result': False, 'replaced_task_nesting': 0, 'stamped_headers': None, 'stamps': {}, 'properties': {'correlation_id': '8f16671a-238f-4214-8632-7d3956b711cd', 'reply_to': 'd758e68b-f976-31b7-8716-0b377edf4d27', 'delivery_mode': 2, 'delivery_info': {'exchange': '', 'routing_key': 'celery'}, 'priority': 0, 'body_encoding': 'base64', 'delivery_tag': '4ca32a45-fda2-4060-8b2c-d851a06b21a1'}, 'reply_to': 'd758e68b-f976-31b7-8716-0b377edf4d27', 'correlation_id': '8f16671a-238f-4214-8632-7d3956b711cd', 'hostname': 'celery@MUTHUKRISHNAN', 'delivery_info':... kwargs:{})
[2026-10-06 11:12:53,952: INFO/MainProcess] Task apps.insights.tasks.reconcile_insights_sync_work_task[80cdf297-9364-4fa5-859b-220ee65a71bb] received
[2026-10-06 11:12:53,952: DEBUG/MainProcess] TaskPool: Apply <function fast_trace_task at 0x7e1c43945260> (args:('apps.insights.tasks.reconcile_insights_sync_work_task', '80cdf297-9364-4fa5-859b-220ee65a71bb', {'lang': 'py', 'task': 'apps.insights.tasks.reconcile_insights_sync_work_task', 'id': '80cdf297-9364-4fa5-859b-220ee65a71bb', 'shadow': None, 'eta': None, 'expires': None, 'group': None, 'group_index': None, 'retries': 0, 'timelimit': [None, None], 'root_id': '80cdf297-9364-4fa5-859b-220ee65a71bb', 'parent_id': None, 'argsrepr': '()', 'kwargsrepr': '{}', 'origin': 'gen1190@MUTHUKRISHNAN', 'ignore_result': False, 'replaced_task_nesting': 0, 'stamped_headers': None, 'stamps': {}, 'properties': {'correlation_id': '80cdf297-9364-4fa5-859b-220ee65a71bb', 'reply_to': 'd758e68b-f976-31b7-8716-0b377edf4d27', 'delivery_mode': 2, 'delivery_info': {'exchange': '', 'routing_key': 'celery'}, 'priority': 0, 'body_encoding': 'base64', 'delivery_tag': 'bb5d9626-e163-4214-bdce-4ce2e9864ae9'}, 'reply_to': 'd758e68b-f976-31b7-8716-0b377edf4d27', 'correlation_id': '80cdf297-9364-4fa5-859b-220ee65a71bb', 'hostname':... kwargs:{})
[2026-10-06 11:12:56,786: INFO/ForkPoolWorker-2] Task apps.insights.tasks.reconcile_insights_sync_work_task[80cdf297-9364-4fa5-859b-220ee65a71bb] succeeded in 2.8330963489997885s: {'candidates': 0, 'publish_attempts': 0, 'published': 0}
[2026-10-06 11:12:57,284: INFO/ForkPoolWorker-1] Task apps.posts.tasks.dispatch_due_posts_task[8f16671a-238f-4214-8632-7d3956b711cd] succeeded in 3.338270057000045s: None
[2026-10-06 11:12:57,711: INFO/ForkPoolWorker-8] Task apps.organizations.tasks.activate_scheduled_subscriptions_task[90c63491-ca5a-4510-b5a9-60df53ab69ef] succeeded in 3.895132215000558s: {'activated_count': 0}
[2026-10-06 11:13:53,813: INFO/MainProcess] Task apps.organizations.tasks.activate_scheduled_subscriptions_task[61d2c965-3692-41a7-9047-266beb2c492d] received
[2026-10-06 11:13:53,814: DEBUG/MainProcess] TaskPool: Apply <function fast_trace_task at 0x7e1c43945260> (args:('apps.organizations.tasks.activate_scheduled_subscriptions_task', '61d2c965-3692-41a7-9047-266beb2c492d', {'lang': 'py', 'task': 'apps.organizations.tasks.activate_scheduled_subscriptions_task', 'id': '61d2c965-3692-41a7-9047-266beb2c492d', 'shadow': None, 'eta': None, 'expires': None, 'group': None, 'group_index': None, 'retries': 0, 'timelimit': [None, None], 'root_id': '61d2c965-3692-41a7-9047-266beb2c492d', 'parent_id': None, 'argsrepr': '()', 'kwargsrepr': '{}', 'origin': 'gen1190@MUTHUKRISHNAN', 'ignore_result': False, 'replaced_task_nesting': 0, 'stamped_headers': None, 'stamps': {}, 'properties': {'correlation_id': '61d2c965-3692-41a7-9047-266beb2c492d', 'reply_to': 'd758e68b-f976-31b7-8716-0b377edf4d27', 'delivery_mode': 2, 'delivery_info': {'exchange': '', 'routing_key': 'celery'}, 'priority': 0, 'body_encoding': 'base64', 'delivery_tag': 'eac88aa9-6c32-43c0-a718-c93f80140461'}, 'reply_to': 'd758e68b-f976-31b7-8716-0b377edf4d27', 'correlation_id': '61d2c965-3692-41a7-9047-266beb2c492d',... kwargs:{})
[2026-10-06 11:13:53,945: INFO/MainProcess] Task apps.posts.tasks.dispatch_due_posts_task[899b9d14-acf3-41ef-bccd-118d20110cac] received
[2026-10-06 11:13:53,945: DEBUG/MainProcess] TaskPool: Apply <function fast_trace_task at 0x7e1c43945260> (args:('apps.posts.tasks.dispatch_due_posts_task', '899b9d14-acf3-41ef-bccd-118d20110cac', {'lang': 'py', 'task': 'apps.posts.tasks.dispatch_due_posts_task', 'id': '899b9d14-acf3-41ef-bccd-118d20110cac', 'shadow': None, 'eta': None, 'expires': None, 'group': None, 'group_index': None, 'retries': 0, 'timelimit': [None, None], 'root_id': '899b9d14-acf3-41ef-bccd-118d20110cac', 'parent_id': None, 'argsrepr': '()', 'kwargsrepr': '{}', 'origin': 'gen1190@MUTHUKRISHNAN', 'ignore_result': False, 'replaced_task_nesting': 0, 'stamped_headers': None, 'stamps': {}, 'properties': {'correlation_id': '899b9d14-acf3-41ef-bccd-118d20110cac', 'reply_to': 'd758e68b-f976-31b7-8716-0b377edf4d27', 'delivery_mode': 2, 'delivery_info': {'exchange': '', 'routing_key': 'celery'}, 'priority': 0, 'body_encoding': 'base64', 'delivery_tag': '1822b600-b591-46fd-947e-9793f245d295'}, 'reply_to': 'd758e68b-f976-31b7-8716-0b377edf4d27', 'correlation_id': '899b9d14-acf3-41ef-bccd-118d20110cac', 'hostname': 'celery@MUTHUKRISHNAN', 'delivery_info':... kwargs:{})
[2026-10-06 11:13:53,952: INFO/MainProcess] Task apps.insights.tasks.reconcile_insights_sync_work_task[5dfad5e4-5ffc-45ac-8351-e4a892d07d10] received
[2026-10-06 11:13:53,953: DEBUG/MainProcess] TaskPool: Apply <function fast_trace_task at 0x7e1c43945260> (args:('apps.insights.tasks.reconcile_insights_sync_work_task', '5dfad5e4-5ffc-45ac-8351-e4a892d07d10', {'lang': 'py', 'task': 'apps.insights.tasks.reconcile_insights_sync_work_task', 'id': '5dfad5e4-5ffc-45ac-8351-e4a892d07d10', 'shadow': None, 'eta': None, 'expires': None, 'group': None, 'group_index': None, 'retries': 0, 'timelimit': [None, None], 'root_id': '5dfad5e4-5ffc-45ac-8351-e4a892d07d10', 'parent_id': None, 'argsrepr': '()', 'kwargsrepr': '{}', 'origin': 'gen1190@MUTHUKRISHNAN', 'ignore_result': False, 'replaced_task_nesting': 0, 'stamped_headers': None, 'stamps': {}, 'properties': {'correlation_id': '5dfad5e4-5ffc-45ac-8351-e4a892d07d10', 'reply_to': 'd758e68b-f976-31b7-8716-0b377edf4d27', 'delivery_mode': 2, 'delivery_info': {'exchange': '', 'routing_key': 'celery'}, 'priority': 0, 'body_encoding': 'base64', 'delivery_tag': 'ca7d1e61-179a-4cdf-a931-85a919cfd61a'}, 'reply_to': 'd758e68b-f976-31b7-8716-0b377edf4d27', 'correlation_id': '5dfad5e4-5ffc-45ac-8351-e4a892d07d10', 'hostname':... kwargs:{})
[2026-10-06 11:13:57,289: INFO/ForkPoolWorker-1] Task apps.posts.tasks.dispatch_due_posts_task[899b9d14-acf3-41ef-bccd-118d20110cac] succeeded in 3.343023264000294s: None
[2026-10-06 11:13:57,728: INFO/ForkPoolWorker-8] Task apps.organizations.tasks.activate_scheduled_subscriptions_task[61d2c965-3692-41a7-9047-266beb2c492d] succeeded in 3.913303844999973s: {'activated_count': 0}
[2026-10-06 11:13:57,875: INFO/ForkPoolWorker-2] Task apps.insights.tasks.reconcile_insights_sync_work_task[5dfad5e4-5ffc-45ac-8351-e4a892d07d10] succeeded in 3.9212686729997586s: {'candidates': 0, 'publish_attempts': 0, 'published': 0}
[2026-10-06 11:14:53,817: INFO/MainProcess] Task apps.organizations.tasks.activate_scheduled_subscriptions_task[b8d9d5d3-ef5a-4a99-9988-72a664c96b0b] received
[2026-10-06 11:14:53,818: DEBUG/MainProcess] TaskPool: Apply <function fast_trace_task at 0x7e1c43945260> (args:('apps.organizations.tasks.activate_scheduled_subscriptions_task', 'b8d9d5d3-ef5a-4a99-9988-72a664c96b0b', {'lang': 'py', 'task': 'apps.organizations.tasks.activate_scheduled_subscriptions_task', 'id': 'b8d9d5d3-ef5a-4a99-9988-72a664c96b0b', 'shadow': None, 'eta': None, 'expires': None, 'group': None, 'group_index': None, 'retries': 0, 'timelimit': [None, None], 'root_id': 'b8d9d5d3-ef5a-4a99-9988-72a664c96b0b', 'parent_id': None, 'argsrepr': '()', 'kwargsrepr': '{}', 'origin': 'gen1190@MUTHUKRISHNAN', 'ignore_result': False, 'replaced_task_nesting': 0, 'stamped_headers': None, 'stamps': {}, 'properties': {'correlation_id': 'b8d9d5d3-ef5a-4a99-9988-72a664c96b0b', 'reply_to': 'd758e68b-f976-31b7-8716-0b377edf4d27', 'delivery_mode': 2, 'delivery_info': {'exchange': '', 'routing_key': 'celery'}, 'priority': 0, 'body_encoding': 'base64', 'delivery_tag': 'a9a422dc-2459-413d-b797-e0ec35d3b299'}, 'reply_to': 'd758e68b-f976-31b7-8716-0b377edf4d27', 'correlation_id': 'b8d9d5d3-ef5a-4a99-9988-72a664c96b0b',... kwargs:{})
[2026-10-06 11:14:53,945: INFO/MainProcess] Task apps.posts.tasks.dispatch_due_posts_task[02544053-9a41-44ab-9dec-e76dd86ec5e3] received
[2026-10-06 11:14:53,945: DEBUG/MainProcess] TaskPool: Apply <function fast_trace_task at 0x7e1c43945260> (args:('apps.posts.tasks.dispatch_due_posts_task', '02544053-9a41-44ab-9dec-e76dd86ec5e3', {'lang': 'py', 'task': 'apps.posts.tasks.dispatch_due_posts_task', 'id': '02544053-9a41-44ab-9dec-e76dd86ec5e3', 'shadow': None, 'eta': None, 'expires': None, 'group': None, 'group_index': None, 'retries': 0, 'timelimit': [None, None], 'root_id': '02544053-9a41-44ab-9dec-e76dd86ec5e3', 'parent_id': None, 'argsrepr': '()', 'kwargsrepr': '{}', 'origin': 'gen1190@MUTHUKRISHNAN', 'ignore_result': False, 'replaced_task_nesting': 0, 'stamped_headers': None, 'stamps': {}, 'properties': {'correlation_id': '02544053-9a41-44ab-9dec-e76dd86ec5e3', 'reply_to': 'd758e68b-f976-31b7-8716-0b377edf4d27', 'delivery_mode': 2, 'delivery_info': {'exchange': '', 'routing_key': 'celery'}, 'priority': 0, 'body_encoding': 'base64', 'delivery_tag': '4813aa83-8932-4a8d-8c89-4c57ffe7575b'}, 'reply_to': 'd758e68b-f976-31b7-8716-0b377edf4d27', 'correlation_id': '02544053-9a41-44ab-9dec-e76dd86ec5e3', 'hostname': 'celery@MUTHUKRISHNAN', 'delivery_info':... kwargs:{})
[2026-10-06 11:14:53,953: INFO/MainProcess] Task apps.insights.tasks.reconcile_insights_sync_work_task[80c49abc-570c-45e7-a772-0b69bec170b4] received
[2026-10-06 11:14:53,954: DEBUG/MainProcess] TaskPool: Apply <function fast_trace_task at 0x7e1c43945260> (args:('apps.insights.tasks.reconcile_insights_sync_work_task', '80c49abc-570c-45e7-a772-0b69bec170b4', {'lang': 'py', 'task': 'apps.insights.tasks.reconcile_insights_sync_work_task', 'id': '80c49abc-570c-45e7-a772-0b69bec170b4', 'shadow': None, 'eta': None, 'expires': None, 'group': None, 'group_index': None, 'retries': 0, 'timelimit': [None, None], 'root_id': '80c49abc-570c-45e7-a772-0b69bec170b4', 'parent_id': None, 'argsrepr': '()', 'kwargsrepr': '{}', 'origin': 'gen1190@MUTHUKRISHNAN', 'ignore_result': False, 'replaced_task_nesting': 0, 'stamped_headers': None, 'stamps': {}, 'properties': {'correlation_id': '80c49abc-570c-45e7-a772-0b69bec170b4', 'reply_to': 'd758e68b-f976-31b7-8716-0b377edf4d27', 'delivery_mode': 2, 'delivery_info': {'exchange': '', 'routing_key': 'celery'}, 'priority': 0, 'body_encoding': 'base64', 'delivery_tag': 'e90bacd0-8566-4413-8e33-077f44ceb890'}, 'reply_to': 'd758e68b-f976-31b7-8716-0b377edf4d27', 'correlation_id': '80c49abc-570c-45e7-a772-0b69bec170b4', 'hostname':... kwargs:{})
[2026-10-06 11:14:57,439: INFO/ForkPoolWorker-2] Task apps.insights.tasks.reconcile_insights_sync_work_task[80c49abc-570c-45e7-a772-0b69bec170b4] succeeded in 3.4834913290005716s: {'candidates': 0, 'publish_attempts': 0, 'published': 0}
[2026-10-06 11:14:57,797: INFO/ForkPoolWorker-1] Task apps.posts.tasks.dispatch_due_posts_task[02544053-9a41-44ab-9dec-e76dd86ec5e3] succeeded in 3.8506846440004665s: None
[2026-10-06 11:14:58,147: INFO/ForkPoolWorker-8] Task apps.organizations.tasks.activate_scheduled_subscriptions_task[b8d9d5d3-ef5a-4a99-9988-72a664c96b0b] succeeded in 4.327647486999922s: {'activated_count': 0}
[2026-10-06 11:15:53,817: INFO/MainProcess] Task apps.organizations.tasks.activate_scheduled_subscriptions_task[222b9e77-48c0-4cd5-99aa-a94b06c8c1eb] received
[2026-10-06 11:15:53,817: DEBUG/MainProcess] TaskPool: Apply <function fast_trace_task at 0x7e1c43945260> (args:('apps.organizations.tasks.activate_scheduled_subscriptions_task', '222b9e77-48c0-4cd5-99aa-a94b06c8c1eb', {'lang': 'py', 'task': 'apps.organizations.tasks.activate_scheduled_subscriptions_task', 'id': '222b9e77-48c0-4cd5-99aa-a94b06c8c1eb', 'shadow': None, 'eta': None, 'expires': None, 'group': None, 'group_index': None, 'retries': 0, 'timelimit': [None, None], 'root_id': '222b9e77-48c0-4cd5-99aa-a94b06c8c1eb', 'parent_id': None, 'argsrepr': '()', 'kwargsrepr': '{}', 'origin': 'gen1190@MUTHUKRISHNAN', 'ignore_result': False, 'replaced_task_nesting': 0, 'stamped_headers': None, 'stamps': {}, 'properties': {'correlation_id': '222b9e77-48c0-4cd5-99aa-a94b06c8c1eb', 'reply_to': 'd758e68b-f976-31b7-8716-0b377edf4d27', 'delivery_mode': 2, 'delivery_info': {'exchange': '', 'routing_key': 'celery'}, 'priority': 0, 'body_encoding': 'base64', 'delivery_tag': '6e203bce-34cf-4905-83b1-590ed5f08853'}, 'reply_to': 'd758e68b-f976-31b7-8716-0b377edf4d27', 'correlation_id': '222b9e77-48c0-4cd5-99aa-a94b06c8c1eb',... kwargs:{})
[2026-10-06 11:15:53,945: INFO/MainProcess] Task apps.posts.tasks.dispatch_due_posts_task[36d53061-54db-4a5c-92ca-a15337872eb2] received
[2026-10-06 11:15:53,945: DEBUG/MainProcess] TaskPool: Apply <function fast_trace_task at 0x7e1c43945260> (args:('apps.posts.tasks.dispatch_due_posts_task', '36d53061-54db-4a5c-92ca-a15337872eb2', {'lang': 'py', 'task': 'apps.posts.tasks.dispatch_due_posts_task', 'id': '36d53061-54db-4a5c-92ca-a15337872eb2', 'shadow': None, 'eta': None, 'expires': None, 'group': None, 'group_index': None, 'retries': 0, 'timelimit': [None, None], 'root_id': '36d53061-54db-4a5c-92ca-a15337872eb2', 'parent_id': None, 'argsrepr': '()', 'kwargsrepr': '{}', 'origin': 'gen1190@MUTHUKRISHNAN', 'ignore_result': False, 'replaced_task_nesting': 0, 'stamped_headers': None, 'stamps': {}, 'properties': {'correlation_id': '36d53061-54db-4a5c-92ca-a15337872eb2', 'reply_to': 'd758e68b-f976-31b7-8716-0b377edf4d27', 'delivery_mode': 2, 'delivery_info': {'exchange': '', 'routing_key': 'celery'}, 'priority': 0, 'body_encoding': 'base64', 'delivery_tag': '1f443229-0ff6-498c-8c6d-fa5c0837dfac'}, 'reply_to': 'd758e68b-f976-31b7-8716-0b377edf4d27', 'correlation_id': '36d53061-54db-4a5c-92ca-a15337872eb2', 'hostname': 'celery@MUTHUKRISHNAN', 'delivery_info':... kwargs:{})
[2026-10-06 11:15:53,953: INFO/MainProcess] Task apps.insights.tasks.reconcile_insights_sync_work_task[f0b8e7f7-5dbf-4f93-9e42-b56000578d1d] received
[2026-10-06 11:15:53,953: DEBUG/MainProcess] TaskPool: Apply <function fast_trace_task at 0x7e1c43945260> (args:('apps.insights.tasks.reconcile_insights_sync_work_task', 'f0b8e7f7-5dbf-4f93-9e42-b56000578d1d', {'lang': 'py', 'task': 'apps.insights.tasks.reconcile_insights_sync_work_task', 'id': 'f0b8e7f7-5dbf-4f93-9e42-b56000578d1d', 'shadow': None, 'eta': None, 'expires': None, 'group': None, 'group_index': None, 'retries': 0, 'timelimit': [None, None], 'root_id': 'f0b8e7f7-5dbf-4f93-9e42-b56000578d1d', 'parent_id': None, 'argsrepr': '()', 'kwargsrepr': '{}', 'origin': 'gen1190@MUTHUKRISHNAN', 'ignore_result': False, 'replaced_task_nesting': 0, 'stamped_headers': None, 'stamps': {}, 'properties': {'correlation_id': 'f0b8e7f7-5dbf-4f93-9e42-b56000578d1d', 'reply_to': 'd758e68b-f976-31b7-8716-0b377edf4d27', 'delivery_mode': 2, 'delivery_info': {'exchange': '', 'routing_key': 'celery'}, 'priority': 0, 'body_encoding': 'base64', 'delivery_tag': '54f2a88c-ed4d-4b3d-8802-a72e9068f757'}, 'reply_to': 'd758e68b-f976-31b7-8716-0b377edf4d27', 'correlation_id': 'f0b8e7f7-5dbf-4f93-9e42-b56000578d1d', 'hostname':... kwargs:{})
[2026-10-06 11:15:56,672: INFO/ForkPoolWorker-2] Task apps.insights.tasks.reconcile_insights_sync_work_task[f0b8e7f7-5dbf-4f93-9e42-b56000578d1d] succeeded in 2.7168958510001175s: {'candidates': 0, 'publish_attempts': 0, 'published': 0}
[2026-10-06 11:15:57,063: INFO/ForkPoolWorker-1] Task apps.posts.tasks.dispatch_due_posts_task[36d53061-54db-4a5c-92ca-a15337872eb2] succeeded in 3.1165397519998805s: None
[2026-10-06 11:15:57,555: INFO/ForkPoolWorker-8] Task apps.organizations.tasks.activate_scheduled_subscriptions_task[222b9e77-48c0-4cd5-99aa-a94b06c8c1eb] succeeded in 3.736380877000556s: {'activated_count': 0}
[2026-10-06 11:16:42,841: INFO/MainProcess] Task apps.posts.tasks.reconcile_ambiguous_instagram_publishes_task[d54af09f-d5d5-4be8-b6de-eef62debe98a] received
[2026-10-06 11:16:42,842: DEBUG/MainProcess] TaskPool: Apply <function fast_trace_task at 0x7e1c43945260> (args:('apps.posts.tasks.reconcile_ambiguous_instagram_publishes_task', 'd54af09f-d5d5-4be8-b6de-eef62debe98a', {'lang': 'py', 'task': 'apps.posts.tasks.reconcile_ambiguous_instagram_publishes_task', 'id': 'd54af09f-d5d5-4be8-b6de-eef62debe98a', 'shadow': None, 'eta': None, 'expires': None, 'group': None, 'group_index': None, 'retries': 0, 'timelimit': [None, None], 'root_id': 'd54af09f-d5d5-4be8-b6de-eef62debe98a', 'parent_id': None, 'argsrepr': '()', 'kwargsrepr': '{}', 'origin': 'gen1190@MUTHUKRISHNAN', 'ignore_result': False, 'replaced_task_nesting': 0, 'stamped_headers': None, 'stamps': {}, 'properties': {'correlation_id': 'd54af09f-d5d5-4be8-b6de-eef62debe98a', 'reply_to': 'd758e68b-f976-31b7-8716-0b377edf4d27', 'delivery_mode': 2, 'delivery_info': {'exchange': '', 'routing_key': 'celery'}, 'priority': 0, 'body_encoding': 'base64', 'delivery_tag': '82f835ea-6c3d-4e4b-ac5c-ed79feaf4491'}, 'reply_to': 'd758e68b-f976-31b7-8716-0b377edf4d27', 'correlation_id': 'd54af09f-d5d5-4be8-b6de-eef62debe98a', 'hostname':... kwargs:{})
[2026-10-06 11:16:44,329: INFO/ForkPoolWorker-8] Task apps.posts.tasks.reconcile_ambiguous_instagram_publishes_task[d54af09f-d5d5-4be8-b6de-eef62debe98a] succeeded in 3.377150168999833s: None
[2026-10-06 11:16:53,817: INFO/MainProcess] Task apps.organizations.tasks.activate_scheduled_subscriptions_task[0a26eec7-0722-4d2f-a17f-e48ec54b22e8] received
[2026-10-06 11:16:53,817: DEBUG/MainProcess] TaskPool: Apply <function fast_trace_task at 0x7e1c43945260> (args:('apps.organizations.tasks.activate_scheduled_subscriptions_task', '0a26eec7-0722-4d2f-a17f-e48ec54b22e8', {'lang': 'py', 'task': 'apps.organizations.tasks.activate_scheduled_subscriptions_task', 'id': '0a26eec7-0722-4d2f-a17f-e48ec54b22e8', 'shadow': None, 'eta': None, 'expires': None, 'group': None, 'group_index': None, 'retries': 0, 'timelimit': [None, None], 'root_id': '0a26eec7-0722-4d2f-a17f-e48ec54b22e8', 'parent_id': None, 'argsrepr': '()', 'kwargsrepr': '{}', 'origin': 'gen1190@MUTHUKRISHNAN', 'ignore_result': False, 'replaced_task_nesting': 0, 'stamped_headers': None, 'stamps': {}, 'properties': {'correlation_id': '0a26eec7-0722-4d2f-a17f-e48ec54b22e8', 'reply_to': 'd758e68b-f976-31b7-8716-0b377edf4d27', 'delivery_mode': 2, 'delivery_info': {'exchange': '', 'routing_key': 'celery'}, 'priority': 0, 'body_encoding': 'base64', 'delivery_tag': '60822fd3-eccc-484f-a162-405521519886'}, 'reply_to': 'd758e68b-f976-31b7-8716-0b377edf4d27', 'correlation_id': '0a26eec7-0722-4d2f-a17f-e48ec54b22e8',... kwargs:{})
[2026-10-06 11:16:53,945: INFO/MainProcess] Task apps.posts.tasks.dispatch_due_posts_task[52e24ba7-31c8-42f5-a948-6f30a9684879] received
[2026-10-06 11:16:53,945: DEBUG/MainProcess] TaskPool: Apply <function fast_trace_task at 0x7e1c43945260> (args:('apps.posts.tasks.dispatch_due_posts_task', '52e24ba7-31c8-42f5-a948-6f30a9684879', {'lang': 'py', 'task': 'apps.posts.tasks.dispatch_due_posts_task', 'id': '52e24ba7-31c8-42f5-a948-6f30a9684879', 'shadow': None, 'eta': None, 'expires': None, 'group': None, 'group_index': None, 'retries': 0, 'timelimit': [None, None], 'root_id': '52e24ba7-31c8-42f5-a948-6f30a9684879', 'parent_id': None, 'argsrepr': '()', 'kwargsrepr': '{}', 'origin': 'gen1190@MUTHUKRISHNAN', 'ignore_result': False, 'replaced_task_nesting': 0, 'stamped_headers': None, 'stamps': {}, 'properties': {'correlation_id': '52e24ba7-31c8-42f5-a948-6f30a9684879', 'reply_to': 'd758e68b-f976-31b7-8716-0b377edf4d27', 'delivery_mode': 2, 'delivery_info': {'exchange': '', 'routing_key': 'celery'}, 'priority': 0, 'body_encoding': 'base64', 'delivery_tag': 'a7db0449-8d6d-4561-9e32-d774362f9cfa'}, 'reply_to': 'd758e68b-f976-31b7-8716-0b377edf4d27', 'correlation_id': '52e24ba7-31c8-42f5-a948-6f30a9684879', 'hostname': 'celery@MUTHUKRISHNAN', 'delivery_info':... kwargs:{})
[2026-10-06 11:16:53,954: INFO/MainProcess] Task apps.insights.tasks.reconcile_insights_sync_work_task[09b16dbb-d0f0-40bd-8804-5e4a2623b62c] received
[2026-10-06 11:16:53,955: DEBUG/MainProcess] TaskPool: Apply <function fast_trace_task at 0x7e1c43945260> (args:('apps.insights.tasks.reconcile_insights_sync_work_task', '09b16dbb-d0f0-40bd-8804-5e4a2623b62c', {'lang': 'py', 'task': 'apps.insights.tasks.reconcile_insights_sync_work_task', 'id': '09b16dbb-d0f0-40bd-8804-5e4a2623b62c', 'shadow': None, 'eta': None, 'expires': None, 'group': None, 'group_index': None, 'retries': 0, 'timelimit': [None, None], 'root_id': '09b16dbb-d0f0-40bd-8804-5e4a2623b62c', 'parent_id': None, 'argsrepr': '()', 'kwargsrepr': '{}', 'origin': 'gen1190@MUTHUKRISHNAN', 'ignore_result': False, 'replaced_task_nesting': 0, 'stamped_headers': None, 'stamps': {}, 'properties': {'correlation_id': '09b16dbb-d0f0-40bd-8804-5e4a2623b62c', 'reply_to': 'd758e68b-f976-31b7-8716-0b377edf4d27', 'delivery_mode': 2, 'delivery_info': {'exchange': '', 'routing_key': 'celery'}, 'priority': 0, 'body_encoding': 'base64', 'delivery_tag': '7ddc2219-e9bc-4675-9fc5-3de91c5f1926'}, 'reply_to': 'd758e68b-f976-31b7-8716-0b377edf4d27', 'correlation_id': '09b16dbb-d0f0-40bd-8804-5e4a2623b62c', 'hostname':... kwargs:{})
[2026-10-06 11:16:57,236: INFO/ForkPoolWorker-2] Task apps.insights.tasks.reconcile_insights_sync_work_task[09b16dbb-d0f0-40bd-8804-5e4a2623b62c] succeeded in 3.280228769999667s: {'candidates': 0, 'publish_attempts': 0, 'published': 0}
[2026-10-06 11:16:57,605: INFO/ForkPoolWorker-1] Task apps.posts.tasks.dispatch_due_posts_task[52e24ba7-31c8-42f5-a948-6f30a9684879] succeeded in 3.6579887870002494s: None
[2026-10-06 11:16:57,983: INFO/ForkPoolWorker-8] Task apps.organizations.tasks.activate_scheduled_subscriptions_task[0a26eec7-0722-4d2f-a17f-e48ec54b22e8] succeeded in 4.164269310999771s: {'activated_count': 0}
[2026-10-06 11:17:53,825: INFO/MainProcess] Task apps.organizations.tasks.activate_scheduled_subscriptions_task[344d9b68-1034-49fa-8ece-9dc531b2df60] received
[2026-10-06 11:17:53,825: DEBUG/MainProcess] TaskPool: Apply <function fast_trace_task at 0x7e1c43945260> (args:('apps.organizations.tasks.activate_scheduled_subscriptions_task', '344d9b68-1034-49fa-8ece-9dc531b2df60', {'lang': 'py', 'task': 'apps.organizations.tasks.activate_scheduled_subscriptions_task', 'id': '344d9b68-1034-49fa-8ece-9dc531b2df60', 'shadow': None, 'eta': None, 'expires': None, 'group': None, 'group_index': None, 'retries': 0, 'timelimit': [None, None], 'root_id': '344d9b68-1034-49fa-8ece-9dc531b2df60', 'parent_id': None, 'argsrepr': '()', 'kwargsrepr': '{}', 'origin': 'gen1190@MUTHUKRISHNAN', 'ignore_result': False, 'replaced_task_nesting': 0, 'stamped_headers': None, 'stamps': {}, 'properties': {'correlation_id': '344d9b68-1034-49fa-8ece-9dc531b2df60', 'reply_to': 'd758e68b-f976-31b7-8716-0b377edf4d27', 'delivery_mode': 2, 'delivery_info': {'exchange': '', 'routing_key': 'celery'}, 'priority': 0, 'body_encoding': 'base64', 'delivery_tag': '8d2155b0-4625-49fb-92ed-2dc9ea0154bd'}, 'reply_to': 'd758e68b-f976-31b7-8716-0b377edf4d27', 'correlation_id': '344d9b68-1034-49fa-8ece-9dc531b2df60',... kwargs:{})
[2026-10-06 11:17:53,945: INFO/MainProcess] Task apps.posts.tasks.dispatch_due_posts_task[7ba514a9-3037-4ede-b05a-255b5f39e003] received
[2026-10-06 11:17:53,945: DEBUG/MainProcess] TaskPool: Apply <function fast_trace_task at 0x7e1c43945260> (args:('apps.posts.tasks.dispatch_due_posts_task', '7ba514a9-3037-4ede-b05a-255b5f39e003', {'lang': 'py', 'task': 'apps.posts.tasks.dispatch_due_posts_task', 'id': '7ba514a9-3037-4ede-b05a-255b5f39e003', 'shadow': None, 'eta': None, 'expires': None, 'group': None, 'group_index': None, 'retries': 0, 'timelimit': [None, None], 'root_id': '7ba514a9-3037-4ede-b05a-255b5f39e003', 'parent_id': None, 'argsrepr': '()', 'kwargsrepr': '{}', 'origin': 'gen1190@MUTHUKRISHNAN', 'ignore_result': False, 'replaced_task_nesting': 0, 'stamped_headers': None, 'stamps': {}, 'properties': {'correlation_id': '7ba514a9-3037-4ede-b05a-255b5f39e003', 'reply_to': 'd758e68b-f976-31b7-8716-0b377edf4d27', 'delivery_mode': 2, 'delivery_info': {'exchange': '', 'routing_key': 'celery'}, 'priority': 0, 'body_encoding': 'base64', 'delivery_tag': 'b8b0e0b9-9ebc-4236-a2d7-be316dbe65c7'}, 'reply_to': 'd758e68b-f976-31b7-8716-0b377edf4d27', 'correlation_id': '7ba514a9-3037-4ede-b05a-255b5f39e003', 'hostname': 'celery@MUTHUKRISHNAN', 'delivery_info':... kwargs:{})
[2026-10-06 11:17:53,953: INFO/MainProcess] Task apps.insights.tasks.reconcile_insights_sync_work_task[3de9c6d5-7696-4678-9513-e586099374f6] received
[2026-10-06 11:17:53,953: DEBUG/MainProcess] TaskPool: Apply <function fast_trace_task at 0x7e1c43945260> (args:('apps.insights.tasks.reconcile_insights_sync_work_task', '3de9c6d5-7696-4678-9513-e586099374f6', {'lang': 'py', 'task': 'apps.insights.tasks.reconcile_insights_sync_work_task', 'id': '3de9c6d5-7696-4678-9513-e586099374f6', 'shadow': None, 'eta': None, 'expires': None, 'group': None, 'group_index': None, 'retries': 0, 'timelimit': [None, None], 'root_id': '3de9c6d5-7696-4678-9513-e586099374f6', 'parent_id': None, 'argsrepr': '()', 'kwargsrepr': '{}', 'origin': 'gen1190@MUTHUKRISHNAN', 'ignore_result': False, 'replaced_task_nesting': 0, 'stamped_headers': None, 'stamps': {}, 'properties': {'correlation_id': '3de9c6d5-7696-4678-9513-e586099374f6', 'reply_to': 'd758e68b-f976-31b7-8716-0b377edf4d27', 'delivery_mode': 2, 'delivery_info': {'exchange': '', 'routing_key': 'celery'}, 'priority': 0, 'body_encoding': 'base64', 'delivery_tag': '14a305d7-be93-49f9-81e6-48d021eccd0e'}, 'reply_to': 'd758e68b-f976-31b7-8716-0b377edf4d27', 'correlation_id': '3de9c6d5-7696-4678-9513-e586099374f6', 'hostname':... kwargs:{})
[2026-10-06 11:17:57,197: INFO/ForkPoolWorker-2] Task apps.insights.tasks.reconcile_insights_sync_work_task[3de9c6d5-7696-4678-9513-e586099374f6] succeeded in 3.2423532140001043s: {'candidates': 0, 'publish_attempts': 0, 'published': 0}
[2026-10-06 11:17:57,661: INFO/ForkPoolWorker-1] Task apps.posts.tasks.dispatch_due_posts_task[7ba514a9-3037-4ede-b05a-255b5f39e003] succeeded in 3.7140689799998654s: None
[2026-10-06 11:17:57,998: INFO/ForkPoolWorker-8] Task apps.organizations.tasks.activate_scheduled_subscriptions_task[344d9b68-1034-49fa-8ece-9dc531b2df60] succeeded in 4.171202910999455s: {'activated_count': 0}
[2026-10-06 11:18:53,825: INFO/MainProcess] Task apps.organizations.tasks.activate_scheduled_subscriptions_task[4feedabe-84ea-4566-9306-4c649a0c5a4d] received
[2026-10-06 11:18:53,825: DEBUG/MainProcess] TaskPool: Apply <function fast_trace_task at 0x7e1c43945260> (args:('apps.organizations.tasks.activate_scheduled_subscriptions_task', '4feedabe-84ea-4566-9306-4c649a0c5a4d', {'lang': 'py', 'task': 'apps.organizations.tasks.activate_scheduled_subscriptions_task', 'id': '4feedabe-84ea-4566-9306-4c649a0c5a4d', 'shadow': None, 'eta': None, 'expires': None, 'group': None, 'group_index': None, 'retries': 0, 'timelimit': [None, None], 'root_id': '4feedabe-84ea-4566-9306-4c649a0c5a4d', 'parent_id': None, 'argsrepr': '()', 'kwargsrepr': '{}', 'origin': 'gen1190@MUTHUKRISHNAN', 'ignore_result': False, 'replaced_task_nesting': 0, 'stamped_headers': None, 'stamps': {}, 'properties': {'correlation_id': '4feedabe-84ea-4566-9306-4c649a0c5a4d', 'reply_to': 'd758e68b-f976-31b7-8716-0b377edf4d27', 'delivery_mode': 2, 'delivery_info': {'exchange': '', 'routing_key': 'celery'}, 'priority': 0, 'body_encoding': 'base64', 'delivery_tag': 'c44a6f6e-ba34-48f3-89ac-66ac69a052e7'}, 'reply_to': 'd758e68b-f976-31b7-8716-0b377edf4d27', 'correlation_id': '4feedabe-84ea-4566-9306-4c649a0c5a4d',... kwargs:{})
[2026-10-06 11:18:53,946: INFO/MainProcess] Task apps.posts.tasks.dispatch_due_posts_task[be17e321-9f51-4f0b-9d33-a233ac287ac4] received
[2026-10-06 11:18:53,947: DEBUG/MainProcess] TaskPool: Apply <function fast_trace_task at 0x7e1c43945260> (args:('apps.posts.tasks.dispatch_due_posts_task', 'be17e321-9f51-4f0b-9d33-a233ac287ac4', {'lang': 'py', 'task': 'apps.posts.tasks.dispatch_due_posts_task', 'id': 'be17e321-9f51-4f0b-9d33-a233ac287ac4', 'shadow': None, 'eta': None, 'expires': None, 'group': None, 'group_index': None, 'retries': 0, 'timelimit': [None, None], 'root_id': 'be17e321-9f51-4f0b-9d33-a233ac287ac4', 'parent_id': None, 'argsrepr': '()', 'kwargsrepr': '{}', 'origin': 'gen1190@MUTHUKRISHNAN', 'ignore_result': False, 'replaced_task_nesting': 0, 'stamped_headers': None, 'stamps': {}, 'properties': {'correlation_id': 'be17e321-9f51-4f0b-9d33-a233ac287ac4', 'reply_to': 'd758e68b-f976-31b7-8716-0b377edf4d27', 'delivery_mode': 2, 'delivery_info': {'exchange': '', 'routing_key': 'celery'}, 'priority': 0, 'body_encoding': 'base64', 'delivery_tag': 'ffcf4fc1-86ce-44aa-8426-e9f1838da889'}, 'reply_to': 'd758e68b-f976-31b7-8716-0b377edf4d27', 'correlation_id': 'be17e321-9f51-4f0b-9d33-a233ac287ac4', 'hostname': 'celery@MUTHUKRISHNAN', 'delivery_info':... kwargs:{})
[2026-10-06 11:18:53,964: INFO/MainProcess] Task apps.insights.tasks.reconcile_insights_sync_work_task[766cf577-50b2-4bd9-8fc1-7b81d9d76c0d] received
[2026-10-06 11:18:53,964: DEBUG/MainProcess] TaskPool: Apply <function fast_trace_task at 0x7e1c43945260> (args:('apps.insights.tasks.reconcile_insights_sync_work_task', '766cf577-50b2-4bd9-8fc1-7b81d9d76c0d', {'lang': 'py', 'task': 'apps.insights.tasks.reconcile_insights_sync_work_task', 'id': '766cf577-50b2-4bd9-8fc1-7b81d9d76c0d', 'shadow': None, 'eta': None, 'expires': None, 'group': None, 'group_index': None, 'retries': 0, 'timelimit': [None, None], 'root_id': '766cf577-50b2-4bd9-8fc1-7b81d9d76c0d', 'parent_id': None, 'argsrepr': '()', 'kwargsrepr': '{}', 'origin': 'gen1190@MUTHUKRISHNAN', 'ignore_result': False, 'replaced_task_nesting': 0, 'stamped_headers': None, 'stamps': {}, 'properties': {'correlation_id': '766cf577-50b2-4bd9-8fc1-7b81d9d76c0d', 'reply_to': 'd758e68b-f976-31b7-8716-0b377edf4d27', 'delivery_mode': 2, 'delivery_info': {'exchange': '', 'routing_key': 'celery'}, 'priority': 0, 'body_encoding': 'base64', 'delivery_tag': '52267ddc-1f67-4224-a36a-97ccd4e50295'}, 'reply_to': 'd758e68b-f976-31b7-8716-0b377edf4d27', 'correlation_id': '766cf577-50b2-4bd9-8fc1-7b81d9d76c0d', 'hostname':... kwargs:{})
[2026-10-06 11:18:57,227: INFO/ForkPoolWorker-2] Task apps.insights.tasks.reconcile_insights_sync_work_task[766cf577-50b2-4bd9-8fc1-7b81d9d76c0d] succeeded in 3.260799300999679s: {'candidates': 0, 'publish_attempts': 0, 'published': 0}
[2026-10-06 11:18:57,632: INFO/ForkPoolWorker-1] Task apps.posts.tasks.dispatch_due_posts_task[be17e321-9f51-4f0b-9d33-a233ac287ac4] succeeded in 3.6835245069996745s: None
[2026-10-06 11:18:58,241: INFO/ForkPoolWorker-8] Task apps.organizations.tasks.activate_scheduled_subscriptions_task[4feedabe-84ea-4566-9306-4c649a0c5a4d] succeeded in 4.414112718999604s: {'activated_count': 0}
[2026-10-06 11:19:53,826: INFO/MainProcess] Task apps.organizations.tasks.activate_scheduled_subscriptions_task[b21661bd-a4ae-4918-b170-78ae406c2fe2] received
[2026-10-06 11:19:53,826: DEBUG/MainProcess] TaskPool: Apply <function fast_trace_task at 0x7e1c43945260> (args:('apps.organizations.tasks.activate_scheduled_subscriptions_task', 'b21661bd-a4ae-4918-b170-78ae406c2fe2', {'lang': 'py', 'task': 'apps.organizations.tasks.activate_scheduled_subscriptions_task', 'id': 'b21661bd-a4ae-4918-b170-78ae406c2fe2', 'shadow': None, 'eta': None, 'expires': None, 'group': None, 'group_index': None, 'retries': 0, 'timelimit': [None, None], 'root_id': 'b21661bd-a4ae-4918-b170-78ae406c2fe2', 'parent_id': None, 'argsrepr': '()', 'kwargsrepr': '{}', 'origin': 'gen1190@MUTHUKRISHNAN', 'ignore_result': False, 'replaced_task_nesting': 0, 'stamped_headers': None, 'stamps': {}, 'properties': {'correlation_id': 'b21661bd-a4ae-4918-b170-78ae406c2fe2', 'reply_to': 'd758e68b-f976-31b7-8716-0b377edf4d27', 'delivery_mode': 2, 'delivery_info': {'exchange': '', 'routing_key': 'celery'}, 'priority': 0, 'body_encoding': 'base64', 'delivery_tag': '1ff76530-a7d8-4456-974b-8e680d958c56'}, 'reply_to': 'd758e68b-f976-31b7-8716-0b377edf4d27', 'correlation_id': 'b21661bd-a4ae-4918-b170-78ae406c2fe2',... kwargs:{})
[2026-10-06 11:19:53,948: INFO/MainProcess] Task apps.posts.tasks.dispatch_due_posts_task[79d9c8e8-40db-4054-997a-8ef4d0209b74] received
[2026-10-06 11:19:53,949: DEBUG/MainProcess] TaskPool: Apply <function fast_trace_task at 0x7e1c43945260> (args:('apps.posts.tasks.dispatch_due_posts_task', '79d9c8e8-40db-4054-997a-8ef4d0209b74', {'lang': 'py', 'task': 'apps.posts.tasks.dispatch_due_posts_task', 'id': '79d9c8e8-40db-4054-997a-8ef4d0209b74', 'shadow': None, 'eta': None, 'expires': None, 'group': None, 'group_index': None, 'retries': 0, 'timelimit': [None, None], 'root_id': '79d9c8e8-40db-4054-997a-8ef4d0209b74', 'parent_id': None, 'argsrepr': '()', 'kwargsrepr': '{}', 'origin': 'gen1190@MUTHUKRISHNAN', 'ignore_result': False, 'replaced_task_nesting': 0, 'stamped_headers': None, 'stamps': {}, 'properties': {'correlation_id': '79d9c8e8-40db-4054-997a-8ef4d0209b74', 'reply_to': 'd758e68b-f976-31b7-8716-0b377edf4d27', 'delivery_mode': 2, 'delivery_info': {'exchange': '', 'routing_key': 'celery'}, 'priority': 0, 'body_encoding': 'base64', 'delivery_tag': '085dd9d6-1d85-4412-aac1-af9805e68cd2'}, 'reply_to': 'd758e68b-f976-31b7-8716-0b377edf4d27', 'correlation_id': '79d9c8e8-40db-4054-997a-8ef4d0209b74', 'hostname': 'celery@MUTHUKRISHNAN', 'delivery_info':... kwargs:{})
[2026-10-06 11:19:53,963: INFO/MainProcess] Task apps.insights.tasks.reconcile_insights_sync_work_task[21d7a221-29be-4de6-b18a-d0a3fa729499] received
[2026-10-06 11:19:53,966: DEBUG/MainProcess] TaskPool: Apply <function fast_trace_task at 0x7e1c43945260> (args:('apps.insights.tasks.reconcile_insights_sync_work_task', '21d7a221-29be-4de6-b18a-d0a3fa729499', {'lang': 'py', 'task': 'apps.insights.tasks.reconcile_insights_sync_work_task', 'id': '21d7a221-29be-4de6-b18a-d0a3fa729499', 'shadow': None, 'eta': None, 'expires': None, 'group': None, 'group_index': None, 'retries': 0, 'timelimit': [None, None], 'root_id': '21d7a221-29be-4de6-b18a-d0a3fa729499', 'parent_id': None, 'argsrepr': '()', 'kwargsrepr': '{}', 'origin': 'gen1190@MUTHUKRISHNAN', 'ignore_result': False, 'replaced_task_nesting': 0, 'stamped_headers': None, 'stamps': {}, 'properties': {'correlation_id': '21d7a221-29be-4de6-b18a-d0a3fa729499', 'reply_to': 'd758e68b-f976-31b7-8716-0b377edf4d27', 'delivery_mode': 2, 'delivery_info': {'exchange': '', 'routing_key': 'celery'}, 'priority': 0, 'body_encoding': 'base64', 'delivery_tag': '66734303-f051-4d59-b895-bce06040c98f'}, 'reply_to': 'd758e68b-f976-31b7-8716-0b377edf4d27', 'correlation_id': '21d7a221-29be-4de6-b18a-d0a3fa729499', 'hostname':... kwargs:{})
[2026-10-06 11:19:58,596: INFO/ForkPoolWorker-2] Task apps.insights.tasks.reconcile_insights_sync_work_task[21d7a221-29be-4de6-b18a-d0a3fa729499] succeeded in 4.626945170999534s: {'candidates': 0, 'publish_attempts': 0, 'published': 0}
[2026-10-06 11:19:58,772: INFO/ForkPoolWorker-1] Task apps.posts.tasks.dispatch_due_posts_task[79d9c8e8-40db-4054-997a-8ef4d0209b74] succeeded in 4.820319558999472s: None
[2026-10-06 11:19:59,097: INFO/ForkPoolWorker-8] Task apps.organizations.tasks.activate_scheduled_subscriptions_task[b21661bd-a4ae-4918-b170-78ae406c2fe2] succeeded in 5.26898023800004s: {'activated_count': 0}
[2026-10-06 11:20:53,826: INFO/MainProcess] Task apps.organizations.tasks.activate_scheduled_subscriptions_task[8dd369a9-2084-4ac7-931c-25c70b02c584] received
[2026-10-06 11:20:53,826: DEBUG/MainProcess] TaskPool: Apply <function fast_trace_task at 0x7e1c43945260> (args:('apps.organizations.tasks.activate_scheduled_subscriptions_task', '8dd369a9-2084-4ac7-931c-25c70b02c584', {'lang': 'py', 'task': 'apps.organizations.tasks.activate_scheduled_subscriptions_task', 'id': '8dd369a9-2084-4ac7-931c-25c70b02c584', 'shadow': None, 'eta': None, 'expires': None, 'group': None, 'group_index': None, 'retries': 0, 'timelimit': [None, None], 'root_id': '8dd369a9-2084-4ac7-931c-25c70b02c584', 'parent_id': None, 'argsrepr': '()', 'kwargsrepr': '{}', 'origin': 'gen1190@MUTHUKRISHNAN', 'ignore_result': False, 'replaced_task_nesting': 0, 'stamped_headers': None, 'stamps': {}, 'properties': {'correlation_id': '8dd369a9-2084-4ac7-931c-25c70b02c584', 'reply_to': 'd758e68b-f976-31b7-8716-0b377edf4d27', 'delivery_mode': 2, 'delivery_info': {'exchange': '', 'routing_key': 'celery'}, 'priority': 0, 'body_encoding': 'base64', 'delivery_tag': '1a75a0e3-cc97-46b2-967f-31104b8bb598'}, 'reply_to': 'd758e68b-f976-31b7-8716-0b377edf4d27', 'correlation_id': '8dd369a9-2084-4ac7-931c-25c70b02c584',... kwargs:{})
[2026-10-06 11:20:53,946: INFO/MainProcess] Task apps.posts.tasks.dispatch_due_posts_task[cd9c1c86-c187-48fc-ae76-516dc158eb36] received
[2026-10-06 11:20:53,946: DEBUG/MainProcess] TaskPool: Apply <function fast_trace_task at 0x7e1c43945260> (args:('apps.posts.tasks.dispatch_due_posts_task', 'cd9c1c86-c187-48fc-ae76-516dc158eb36', {'lang': 'py', 'task': 'apps.posts.tasks.dispatch_due_posts_task', 'id': 'cd9c1c86-c187-48fc-ae76-516dc158eb36', 'shadow': None, 'eta': None, 'expires': None, 'group': None, 'group_index': None, 'retries': 0, 'timelimit': [None, None], 'root_id': 'cd9c1c86-c187-48fc-ae76-516dc158eb36', 'parent_id': None, 'argsrepr': '()', 'kwargsrepr': '{}', 'origin': 'gen1190@MUTHUKRISHNAN', 'ignore_result': False, 'replaced_task_nesting': 0, 'stamped_headers': None, 'stamps': {}, 'properties': {'correlation_id': 'cd9c1c86-c187-48fc-ae76-516dc158eb36', 'reply_to': 'd758e68b-f976-31b7-8716-0b377edf4d27', 'delivery_mode': 2, 'delivery_info': {'exchange': '', 'routing_key': 'celery'}, 'priority': 0, 'body_encoding': 'base64', 'delivery_tag': 'c3f9be00-a13a-4d15-99f0-45f5581831c9'}, 'reply_to': 'd758e68b-f976-31b7-8716-0b377edf4d27', 'correlation_id': 'cd9c1c86-c187-48fc-ae76-516dc158eb36', 'hostname': 'celery@MUTHUKRISHNAN', 'delivery_info':... kwargs:{})
[2026-10-06 11:20:53,954: INFO/MainProcess] Task apps.insights.tasks.reconcile_insights_sync_work_task[ca0cf2d0-5c60-419d-b5cf-58c28d4c6bf7] received
[2026-10-06 11:20:53,954: DEBUG/MainProcess] TaskPool: Apply <function fast_trace_task at 0x7e1c43945260> (args:('apps.insights.tasks.reconcile_insights_sync_work_task', 'ca0cf2d0-5c60-419d-b5cf-58c28d4c6bf7', {'lang': 'py', 'task': 'apps.insights.tasks.reconcile_insights_sync_work_task', 'id': 'ca0cf2d0-5c60-419d-b5cf-58c28d4c6bf7', 'shadow': None, 'eta': None, 'expires': None, 'group': None, 'group_index': None, 'retries': 0, 'timelimit': [None, None], 'root_id': 'ca0cf2d0-5c60-419d-b5cf-58c28d4c6bf7', 'parent_id': None, 'argsrepr': '()', 'kwargsrepr': '{}', 'origin': 'gen1190@MUTHUKRISHNAN', 'ignore_result': False, 'replaced_task_nesting': 0, 'stamped_headers': None, 'stamps': {}, 'properties': {'correlation_id': 'ca0cf2d0-5c60-419d-b5cf-58c28d4c6bf7', 'reply_to': 'd758e68b-f976-31b7-8716-0b377edf4d27', 'delivery_mode': 2, 'delivery_info': {'exchange': '', 'routing_key': 'celery'}, 'priority': 0, 'body_encoding': 'base64', 'delivery_tag': 'e4b99fca-ef31-4e31-ba01-385e5666e71b'}, 'reply_to': 'd758e68b-f976-31b7-8716-0b377edf4d27', 'correlation_id': 'ca0cf2d0-5c60-419d-b5cf-58c28d4c6bf7', 'hostname':... kwargs:{})
[2026-10-06 11:20:57,535: INFO/ForkPoolWorker-2] Task apps.insights.tasks.reconcile_insights_sync_work_task[ca0cf2d0-5c60-419d-b5cf-58c28d4c6bf7] succeeded in 3.579784864999965s: {'candidates': 0, 'publish_attempts': 0, 'published': 0}
[2026-10-06 11:20:57,935: INFO/ForkPoolWorker-1] Task apps.posts.tasks.dispatch_due_posts_task[cd9c1c86-c187-48fc-ae76-516dc158eb36] succeeded in 3.9869819709992953s: None
[2026-10-06 11:20:58,316: INFO/ForkPoolWorker-8] Task apps.organizations.tasks.activate_scheduled_subscriptions_task[8dd369a9-2084-4ac7-931c-25c70b02c584] succeeded in 4.487953383000786s: {'activated_count': 0}
[2026-10-06 11:21:42,839: INFO/MainProcess] Task apps.posts.tasks.reconcile_ambiguous_instagram_publishes_task[b3a5b564-344b-4766-b022-91fbe3ff84cd] received
[2026-10-06 11:21:42,839: DEBUG/MainProcess] TaskPool: Apply <function fast_trace_task at 0x7e1c43945260> (args:('apps.posts.tasks.reconcile_ambiguous_instagram_publishes_task', 'b3a5b564-344b-4766-b022-91fbe3ff84cd', {'lang': 'py', 'task': 'apps.posts.tasks.reconcile_ambiguous_instagram_publishes_task', 'id': 'b3a5b564-344b-4766-b022-91fbe3ff84cd', 'shadow': None, 'eta': None, 'expires': None, 'group': None, 'group_index': None, 'retries': 0, 'timelimit': [None, None], 'root_id': 'b3a5b564-344b-4766-b022-91fbe3ff84cd', 'parent_id': None, 'argsrepr': '()', 'kwargsrepr': '{}', 'origin': 'gen1190@MUTHUKRISHNAN', 'ignore_result': False, 'replaced_task_nesting': 0, 'stamped_headers': None, 'stamps': {}, 'properties': {'correlation_id': 'b3a5b564-344b-4766-b022-91fbe3ff84cd', 'reply_to': 'd758e68b-f976-31b7-8716-0b377edf4d27', 'delivery_mode': 2, 'delivery_info': {'exchange': '', 'routing_key': 'celery'}, 'priority': 0, 'body_encoding': 'base64', 'delivery_tag': '84910056-187d-456a-817f-1b0ba7772f12'}, 'reply_to': 'd758e68b-f976-31b7-8716-0b377edf4d27', 'correlation_id': 'b3a5b564-344b-4766-b022-91fbe3ff84cd', 'hostname':... kwargs:{})
[2026-10-06 11:21:46,290: INFO/ForkPoolWorker-8] Task apps.posts.tasks.reconcile_ambiguous_instagram_publishes_task[b3a5b564-344b-4766-b022-91fbe3ff84cd] succeeded in 3.4490695360000245s: None
[2026-10-06 11:21:53,826: INFO/MainProcess] Task apps.organizations.tasks.activate_scheduled_subscriptions_task[7f2065a1-6c38-4dde-b516-9acced11313c] received
[2026-10-06 11:21:53,826: DEBUG/MainProcess] TaskPool: Apply <function fast_trace_task at 0x7e1c43945260> (args:('apps.organizations.tasks.activate_scheduled_subscriptions_task', '7f2065a1-6c38-4dde-b516-9acced11313c', {'lang': 'py', 'task': 'apps.organizations.tasks.activate_scheduled_subscriptions_task', 'id': '7f2065a1-6c38-4dde-b516-9acced11313c', 'shadow': None, 'eta': None, 'expires': None, 'group': None, 'group_index': None, 'retries': 0, 'timelimit': [None, None], 'root_id': '7f2065a1-6c38-4dde-b516-9acced11313c', 'parent_id': None, 'argsrepr': '()', 'kwargsrepr': '{}', 'origin': 'gen1190@MUTHUKRISHNAN', 'ignore_result': False, 'replaced_task_nesting': 0, 'stamped_headers': None, 'stamps': {}, 'properties': {'correlation_id': '7f2065a1-6c38-4dde-b516-9acced11313c', 'reply_to': 'd758e68b-f976-31b7-8716-0b377edf4d27', 'delivery_mode': 2, 'delivery_info': {'exchange': '', 'routing_key': 'celery'}, 'priority': 0, 'body_encoding': 'base64', 'delivery_tag': 'ba98c1c7-ba44-40d6-8070-18a828364cad'}, 'reply_to': 'd758e68b-f976-31b7-8716-0b377edf4d27', 'correlation_id': '7f2065a1-6c38-4dde-b516-9acced11313c',... kwargs:{})
[2026-10-06 11:21:53,946: INFO/MainProcess] Task apps.posts.tasks.dispatch_due_posts_task[48d15474-1d87-4da8-bd0e-bb604b896ff2] received
[2026-10-06 11:21:53,946: DEBUG/MainProcess] TaskPool: Apply <function fast_trace_task at 0x7e1c43945260> (args:('apps.posts.tasks.dispatch_due_posts_task', '48d15474-1d87-4da8-bd0e-bb604b896ff2', {'lang': 'py', 'task': 'apps.posts.tasks.dispatch_due_posts_task', 'id': '48d15474-1d87-4da8-bd0e-bb604b896ff2', 'shadow': None, 'eta': None, 'expires': None, 'group': None, 'group_index': None, 'retries': 0, 'timelimit': [None, None], 'root_id': '48d15474-1d87-4da8-bd0e-bb604b896ff2', 'parent_id': None, 'argsrepr': '()', 'kwargsrepr': '{}', 'origin': 'gen1190@MUTHUKRISHNAN', 'ignore_result': False, 'replaced_task_nesting': 0, 'stamped_headers': None, 'stamps': {}, 'properties': {'correlation_id': '48d15474-1d87-4da8-bd0e-bb604b896ff2', 'reply_to': 'd758e68b-f976-31b7-8716-0b377edf4d27', 'delivery_mode': 2, 'delivery_info': {'exchange': '', 'routing_key': 'celery'}, 'priority': 0, 'body_encoding': 'base64', 'delivery_tag': '2ebb74cf-91ae-4d9e-b357-8192a7d9a3fc'}, 'reply_to': 'd758e68b-f976-31b7-8716-0b377edf4d27', 'correlation_id': '48d15474-1d87-4da8-bd0e-bb604b896ff2', 'hostname': 'celery@MUTHUKRISHNAN', 'delivery_info':... kwargs:{})
[2026-10-06 11:21:53,953: INFO/MainProcess] Task apps.insights.tasks.reconcile_insights_sync_work_task[317edf57-c9c6-4575-9e88-071fad76f13d] received
[2026-10-06 11:21:53,954: DEBUG/MainProcess] TaskPool: Apply <function fast_trace_task at 0x7e1c43945260> (args:('apps.insights.tasks.reconcile_insights_sync_work_task', '317edf57-c9c6-4575-9e88-071fad76f13d', {'lang': 'py', 'task': 'apps.insights.tasks.reconcile_insights_sync_work_task', 'id': '317edf57-c9c6-4575-9e88-071fad76f13d', 'shadow': None, 'eta': None, 'expires': None, 'group': None, 'group_index': None, 'retries': 0, 'timelimit': [None, None], 'root_id': '317edf57-c9c6-4575-9e88-071fad76f13d', 'parent_id': None, 'argsrepr': '()', 'kwargsrepr': '{}', 'origin': 'gen1190@MUTHUKRISHNAN', 'ignore_result': False, 'replaced_task_nesting': 0, 'stamped_headers': None, 'stamps': {}, 'properties': {'correlation_id': '317edf57-c9c6-4575-9e88-071fad76f13d', 'reply_to': 'd758e68b-f976-31b7-8716-0b377edf4d27', 'delivery_mode': 2, 'delivery_info': {'exchange': '', 'routing_key': 'celery'}, 'priority': 0, 'body_encoding': 'base64', 'delivery_tag': '5e68cb16-294b-42c6-adeb-e0c9d565f0a7'}, 'reply_to': 'd758e68b-f976-31b7-8716-0b377edf4d27', 'correlation_id': '317edf57-c9c6-4575-9e88-071fad76f13d', 'hostname':... kwargs:{})
[2026-10-06 11:21:56,918: INFO/ForkPoolWorker-2] Task apps.insights.tasks.reconcile_insights_sync_work_task[317edf57-c9c6-4575-9e88-071fad76f13d] succeeded in 2.958479335999982s: {'candidates': 0, 'publish_attempts': 0, 'published': 0}
[2026-10-06 11:21:57,236: INFO/ForkPoolWorker-1] Task apps.posts.tasks.dispatch_due_posts_task[48d15474-1d87-4da8-bd0e-bb604b896ff2] succeeded in 3.2887633190002816s: None
[2026-10-06 11:21:57,578: INFO/ForkPoolWorker-8] Task apps.organizations.tasks.activate_scheduled_subscriptions_task[7f2065a1-6c38-4dde-b516-9acced11313c] succeeded in 3.7501363060000585s: {'activated_count': 0}
[2026-10-06 11:22:53,827: INFO/MainProcess] Task apps.organizations.tasks.activate_scheduled_subscriptions_task[fe583634-fd33-4068-aaac-6c7f3de84d7f] received
[2026-10-06 11:22:53,827: DEBUG/MainProcess] TaskPool: Apply <function fast_trace_task at 0x7e1c43945260> (args:('apps.organizations.tasks.activate_scheduled_subscriptions_task', 'fe583634-fd33-4068-aaac-6c7f3de84d7f', {'lang': 'py', 'task': 'apps.organizations.tasks.activate_scheduled_subscriptions_task', 'id': 'fe583634-fd33-4068-aaac-6c7f3de84d7f', 'shadow': None, 'eta': None, 'expires': None, 'group': None, 'group_index': None, 'retries': 0, 'timelimit': [None, None], 'root_id': 'fe583634-fd33-4068-aaac-6c7f3de84d7f', 'parent_id': None, 'argsrepr': '()', 'kwargsrepr': '{}', 'origin': 'gen1190@MUTHUKRISHNAN', 'ignore_result': False, 'replaced_task_nesting': 0, 'stamped_headers': None, 'stamps': {}, 'properties': {'correlation_id': 'fe583634-fd33-4068-aaac-6c7f3de84d7f', 'reply_to': 'd758e68b-f976-31b7-8716-0b377edf4d27', 'delivery_mode': 2, 'delivery_info': {'exchange': '', 'routing_key': 'celery'}, 'priority': 0, 'body_encoding': 'base64', 'delivery_tag': 'dd687921-ad17-422b-bb9a-0086a281dfd1'}, 'reply_to': 'd758e68b-f976-31b7-8716-0b377edf4d27', 'correlation_id': 'fe583634-fd33-4068-aaac-6c7f3de84d7f',... kwargs:{})
[2026-10-06 11:22:53,946: INFO/MainProcess] Task apps.posts.tasks.dispatch_due_posts_task[d9a1a72d-d6fb-4a98-8f90-706570a3d5c0] received
[2026-10-06 11:22:53,946: DEBUG/MainProcess] TaskPool: Apply <function fast_trace_task at 0x7e1c43945260> (args:('apps.posts.tasks.dispatch_due_posts_task', 'd9a1a72d-d6fb-4a98-8f90-706570a3d5c0', {'lang': 'py', 'task': 'apps.posts.tasks.dispatch_due_posts_task', 'id': 'd9a1a72d-d6fb-4a98-8f90-706570a3d5c0', 'shadow': None, 'eta': None, 'expires': None, 'group': None, 'group_index': None, 'retries': 0, 'timelimit': [None, None], 'root_id': 'd9a1a72d-d6fb-4a98-8f90-706570a3d5c0', 'parent_id': None, 'argsrepr': '()', 'kwargsrepr': '{}', 'origin': 'gen1190@MUTHUKRISHNAN', 'ignore_result': False, 'replaced_task_nesting': 0, 'stamped_headers': None, 'stamps': {}, 'properties': {'correlation_id': 'd9a1a72d-d6fb-4a98-8f90-706570a3d5c0', 'reply_to': 'd758e68b-f976-31b7-8716-0b377edf4d27', 'delivery_mode': 2, 'delivery_info': {'exchange': '', 'routing_key': 'celery'}, 'priority': 0, 'body_encoding': 'base64', 'delivery_tag': '8fde15d3-81fd-4e4d-8fc8-788cbc62f27a'}, 'reply_to': 'd758e68b-f976-31b7-8716-0b377edf4d27', 'correlation_id': 'd9a1a72d-d6fb-4a98-8f90-706570a3d5c0', 'hostname': 'celery@MUTHUKRISHNAN', 'delivery_info':... kwargs:{})
[2026-10-06 11:22:53,954: INFO/MainProcess] Task apps.insights.tasks.reconcile_insights_sync_work_task[65a35bd8-ecd4-4940-abec-9cf3c3e9ad87] received
[2026-10-06 11:22:53,954: DEBUG/MainProcess] TaskPool: Apply <function fast_trace_task at 0x7e1c43945260> (args:('apps.insights.tasks.reconcile_insights_sync_work_task', '65a35bd8-ecd4-4940-abec-9cf3c3e9ad87', {'lang': 'py', 'task': 'apps.insights.tasks.reconcile_insights_sync_work_task', 'id': '65a35bd8-ecd4-4940-abec-9cf3c3e9ad87', 'shadow': None, 'eta': None, 'expires': None, 'group': None, 'group_index': None, 'retries': 0, 'timelimit': [None, None], 'root_id': '65a35bd8-ecd4-4940-abec-9cf3c3e9ad87', 'parent_id': None, 'argsrepr': '()', 'kwargsrepr': '{}', 'origin': 'gen1190@MUTHUKRISHNAN', 'ignore_result': False, 'replaced_task_nesting': 0, 'stamped_headers': None, 'stamps': {}, 'properties': {'correlation_id': '65a35bd8-ecd4-4940-abec-9cf3c3e9ad87', 'reply_to': 'd758e68b-f976-31b7-8716-0b377edf4d27', 'delivery_mode': 2, 'delivery_info': {'exchange': '', 'routing_key': 'celery'}, 'priority': 0, 'body_encoding': 'base64', 'delivery_tag': '7a665952-b136-40a5-9adc-73ac64d2bbb8'}, 'reply_to': 'd758e68b-f976-31b7-8716-0b377edf4d27', 'correlation_id': '65a35bd8-ecd4-4940-abec-9cf3c3e9ad87', 'hostname':... kwargs:{})
[2026-10-06 11:22:57,400: INFO/ForkPoolWorker-2] Task apps.insights.tasks.reconcile_insights_sync_work_task[65a35bd8-ecd4-4940-abec-9cf3c3e9ad87] succeeded in 3.443567561999771s: {'candidates': 0, 'publish_attempts': 0, 'published': 0}
[2026-10-06 11:22:57,852: INFO/ForkPoolWorker-1] Task apps.posts.tasks.dispatch_due_posts_task[d9a1a72d-d6fb-4a98-8f90-706570a3d5c0] succeeded in 3.9045443089999026s: None
[2026-10-06 11:22:58,420: INFO/ForkPoolWorker-8] Task apps.organizations.tasks.activate_scheduled_subscriptions_task[fe583634-fd33-4068-aaac-6c7f3de84d7f] succeeded in 4.589341289000004s: {'activated_count': 0}
[2026-10-06 11:23:53,827: INFO/MainProcess] Task apps.organizations.tasks.activate_scheduled_subscriptions_task[3d8b3445-72a0-46ed-8d7b-53506c2fa817] received
[2026-10-06 11:23:53,828: DEBUG/MainProcess] TaskPool: Apply <function fast_trace_task at 0x7e1c43945260> (args:('apps.organizations.tasks.activate_scheduled_subscriptions_task', '3d8b3445-72a0-46ed-8d7b-53506c2fa817', {'lang': 'py', 'task': 'apps.organizations.tasks.activate_scheduled_subscriptions_task', 'id': '3d8b3445-72a0-46ed-8d7b-53506c2fa817', 'shadow': None, 'eta': None, 'expires': None, 'group': None, 'group_index': None, 'retries': 0, 'timelimit': [None, None], 'root_id': '3d8b3445-72a0-46ed-8d7b-53506c2fa817', 'parent_id': None, 'argsrepr': '()', 'kwargsrepr': '{}', 'origin': 'gen1190@MUTHUKRISHNAN', 'ignore_result': False, 'replaced_task_nesting': 0, 'stamped_headers': None, 'stamps': {}, 'properties': {'correlation_id': '3d8b3445-72a0-46ed-8d7b-53506c2fa817', 'reply_to': 'd758e68b-f976-31b7-8716-0b377edf4d27', 'delivery_mode': 2, 'delivery_info': {'exchange': '', 'routing_key': 'celery'}, 'priority': 0, 'body_encoding': 'base64', 'delivery_tag': '519c518a-d154-4e18-8540-8a206da69a1a'}, 'reply_to': 'd758e68b-f976-31b7-8716-0b377edf4d27', 'correlation_id': '3d8b3445-72a0-46ed-8d7b-53506c2fa817',... kwargs:{})
[2026-10-06 11:23:53,946: INFO/MainProcess] Task apps.posts.tasks.dispatch_due_posts_task[948435ed-9327-4df2-a71b-a8f00ca2929d] received
[2026-10-06 11:23:53,946: DEBUG/MainProcess] TaskPool: Apply <function fast_trace_task at 0x7e1c43945260> (args:('apps.posts.tasks.dispatch_due_posts_task', '948435ed-9327-4df2-a71b-a8f00ca2929d', {'lang': 'py', 'task': 'apps.posts.tasks.dispatch_due_posts_task', 'id': '948435ed-9327-4df2-a71b-a8f00ca2929d', 'shadow': None, 'eta': None, 'expires': None, 'group': None, 'group_index': None, 'retries': 0, 'timelimit': [None, None], 'root_id': '948435ed-9327-4df2-a71b-a8f00ca2929d', 'parent_id': None, 'argsrepr': '()', 'kwargsrepr': '{}', 'origin': 'gen1190@MUTHUKRISHNAN', 'ignore_result': False, 'replaced_task_nesting': 0, 'stamped_headers': None, 'stamps': {}, 'properties': {'correlation_id': '948435ed-9327-4df2-a71b-a8f00ca2929d', 'reply_to': 'd758e68b-f976-31b7-8716-0b377edf4d27', 'delivery_mode': 2, 'delivery_info': {'exchange': '', 'routing_key': 'celery'}, 'priority': 0, 'body_encoding': 'base64', 'delivery_tag': '89538183-c039-4879-ad55-e5a698e5ba49'}, 'reply_to': 'd758e68b-f976-31b7-8716-0b377edf4d27', 'correlation_id': '948435ed-9327-4df2-a71b-a8f00ca2929d', 'hostname': 'celery@MUTHUKRISHNAN', 'delivery_info':... kwargs:{})
[2026-10-06 11:23:53,956: INFO/MainProcess] Task apps.insights.tasks.reconcile_insights_sync_work_task[c3300537-459d-4b82-83da-59ae283a52ee] received
[2026-10-06 11:23:53,956: DEBUG/MainProcess] TaskPool: Apply <function fast_trace_task at 0x7e1c43945260> (args:('apps.insights.tasks.reconcile_insights_sync_work_task', 'c3300537-459d-4b82-83da-59ae283a52ee', {'lang': 'py', 'task': 'apps.insights.tasks.reconcile_insights_sync_work_task', 'id': 'c3300537-459d-4b82-83da-59ae283a52ee', 'shadow': None, 'eta': None, 'expires': None, 'group': None, 'group_index': None, 'retries': 0, 'timelimit': [None, None], 'root_id': 'c3300537-459d-4b82-83da-59ae283a52ee', 'parent_id': None, 'argsrepr': '()', 'kwargsrepr': '{}', 'origin': 'gen1190@MUTHUKRISHNAN', 'ignore_result': False, 'replaced_task_nesting': 0, 'stamped_headers': None, 'stamps': {}, 'properties': {'correlation_id': 'c3300537-459d-4b82-83da-59ae283a52ee', 'reply_to': 'd758e68b-f976-31b7-8716-0b377edf4d27', 'delivery_mode': 2, 'delivery_info': {'exchange': '', 'routing_key': 'celery'}, 'priority': 0, 'body_encoding': 'base64', 'delivery_tag': 'a15e08c1-b4ad-4894-ac83-fca13f76fbf7'}, 'reply_to': 'd758e68b-f976-31b7-8716-0b377edf4d27', 'correlation_id': 'c3300537-459d-4b82-83da-59ae283a52ee', 'hostname':... kwargs:{})
[2026-10-06 11:23:54,790: INFO/ForkPoolWorker-2] Task apps.insights.tasks.reconcile_insights_sync_work_task[c3300537-459d-4b82-83da-59ae283a52ee] succeeded in 2.818947111999478s: {'candidates': 0, 'publish_attempts': 0, 'published': 0}
[2026-10-06 11:23:55,143: INFO/ForkPoolWorker-1] Task apps.posts.tasks.dispatch_due_posts_task[948435ed-9327-4df2-a71b-a8f00ca2929d] succeeded in 3.181848285000342s: None
[2026-10-06 11:23:55,526: INFO/ForkPoolWorker-8] Task apps.organizations.tasks.activate_scheduled_subscriptions_task[3d8b3445-72a0-46ed-8d7b-53506c2fa817] succeeded in 3.683399817999998s: {'activated_count': 0}
[2026-10-06 11:24:53,826: INFO/MainProcess] Task apps.organizations.tasks.activate_scheduled_subscriptions_task[8f21ae40-8f68-4bfd-9144-eb1125bf75f7] received
[2026-10-06 11:24:53,826: DEBUG/MainProcess] TaskPool: Apply <function fast_trace_task at 0x7e1c43945260> (args:('apps.organizations.tasks.activate_scheduled_subscriptions_task', '8f21ae40-8f68-4bfd-9144-eb1125bf75f7', {'lang': 'py', 'task': 'apps.organizations.tasks.activate_scheduled_subscriptions_task', 'id': '8f21ae40-8f68-4bfd-9144-eb1125bf75f7', 'shadow': None, 'eta': None, 'expires': None, 'group': None, 'group_index': None, 'retries': 0, 'timelimit': [None, None], 'root_id': '8f21ae40-8f68-4bfd-9144-eb1125bf75f7', 'parent_id': None, 'argsrepr': '()', 'kwargsrepr': '{}', 'origin': 'gen1190@MUTHUKRISHNAN', 'ignore_result': False, 'replaced_task_nesting': 0, 'stamped_headers': None, 'stamps': {}, 'properties': {'correlation_id': '8f21ae40-8f68-4bfd-9144-eb1125bf75f7', 'reply_to': 'd758e68b-f976-31b7-8716-0b377edf4d27', 'delivery_mode': 2, 'delivery_info': {'exchange': '', 'routing_key': 'celery'}, 'priority': 0, 'body_encoding': 'base64', 'delivery_tag': '744ad237-499b-47cb-8a6b-1d9e0b0307a9'}, 'reply_to': 'd758e68b-f976-31b7-8716-0b377edf4d27', 'correlation_id': '8f21ae40-8f68-4bfd-9144-eb1125bf75f7',... kwargs:{})
[2026-10-06 11:24:53,945: INFO/MainProcess] Task apps.posts.tasks.dispatch_due_posts_task[c7625362-34b2-4a9a-86d9-f8ae763c7003] received
[2026-10-06 11:24:53,946: DEBUG/MainProcess] TaskPool: Apply <function fast_trace_task at 0x7e1c43945260> (args:('apps.posts.tasks.dispatch_due_posts_task', 'c7625362-34b2-4a9a-86d9-f8ae763c7003', {'lang': 'py', 'task': 'apps.posts.tasks.dispatch_due_posts_task', 'id': 'c7625362-34b2-4a9a-86d9-f8ae763c7003', 'shadow': None, 'eta': None, 'expires': None, 'group': None, 'group_index': None, 'retries': 0, 'timelimit': [None, None], 'root_id': 'c7625362-34b2-4a9a-86d9-f8ae763c7003', 'parent_id': None, 'argsrepr': '()', 'kwargsrepr': '{}', 'origin': 'gen1190@MUTHUKRISHNAN', 'ignore_result': False, 'replaced_task_nesting': 0, 'stamped_headers': None, 'stamps': {}, 'properties': {'correlation_id': 'c7625362-34b2-4a9a-86d9-f8ae763c7003', 'reply_to': 'd758e68b-f976-31b7-8716-0b377edf4d27', 'delivery_mode': 2, 'delivery_info': {'exchange': '', 'routing_key': 'celery'}, 'priority': 0, 'body_encoding': 'base64', 'delivery_tag': '71afc84e-c5a3-4792-8a3b-ef3683159c30'}, 'reply_to': 'd758e68b-f976-31b7-8716-0b377edf4d27', 'correlation_id': 'c7625362-34b2-4a9a-86d9-f8ae763c7003', 'hostname': 'celery@MUTHUKRISHNAN', 'delivery_info':... kwargs:{})
[2026-10-06 11:24:53,955: INFO/MainProcess] Task apps.insights.tasks.reconcile_insights_sync_work_task[f006c263-939a-47d7-bb2a-cfeed10d7b5f] received
[2026-10-06 11:24:53,955: DEBUG/MainProcess] TaskPool: Apply <function fast_trace_task at 0x7e1c43945260> (args:('apps.insights.tasks.reconcile_insights_sync_work_task', 'f006c263-939a-47d7-bb2a-cfeed10d7b5f', {'lang': 'py', 'task': 'apps.insights.tasks.reconcile_insights_sync_work_task', 'id': 'f006c263-939a-47d7-bb2a-cfeed10d7b5f', 'shadow': None, 'eta': None, 'expires': None, 'group': None, 'group_index': None, 'retries': 0, 'timelimit': [None, None], 'root_id': 'f006c263-939a-47d7-bb2a-cfeed10d7b5f', 'parent_id': None, 'argsrepr': '()', 'kwargsrepr': '{}', 'origin': 'gen1190@MUTHUKRISHNAN', 'ignore_result': False, 'replaced_task_nesting': 0, 'stamped_headers': None, 'stamps': {}, 'properties': {'correlation_id': 'f006c263-939a-47d7-bb2a-cfeed10d7b5f', 'reply_to': 'd758e68b-f976-31b7-8716-0b377edf4d27', 'delivery_mode': 2, 'delivery_info': {'exchange': '', 'routing_key': 'celery'}, 'priority': 0, 'body_encoding': 'base64', 'delivery_tag': '1f28a12e-0e94-46ef-9eed-6b5f23f5cd8c'}, 'reply_to': 'd758e68b-f976-31b7-8716-0b377edf4d27', 'correlation_id': 'f006c263-939a-47d7-bb2a-cfeed10d7b5f', 'hostname':... kwargs:{})
[2026-10-06 11:24:56,181: INFO/ForkPoolWorker-2] Task apps.insights.tasks.reconcile_insights_sync_work_task[f006c263-939a-47d7-bb2a-cfeed10d7b5f] succeeded in 4.0500711999993655s: {'candidates': 0, 'publish_attempts': 0, 'published': 0}
[2026-10-06 11:24:56,618: INFO/ForkPoolWorker-1] Task apps.posts.tasks.dispatch_due_posts_task[c7625362-34b2-4a9a-86d9-f8ae763c7003] succeeded in 4.496657111999411s: None
[2026-10-06 11:24:56,974: INFO/ForkPoolWorker-8] Task apps.organizations.tasks.activate_scheduled_subscriptions_task[8f21ae40-8f68-4bfd-9144-eb1125bf75f7] succeeded in 4.971695164000266s: {'activated_count': 0}
[2026-10-06 11:25:53,832: INFO/MainProcess] Task apps.organizations.tasks.activate_scheduled_subscriptions_task[073d71c7-e083-4b50-bcfe-d58e9f252826] received
[2026-10-06 11:25:53,832: DEBUG/MainProcess] TaskPool: Apply <function fast_trace_task at 0x7e1c43945260> (args:('apps.organizations.tasks.activate_scheduled_subscriptions_task', '073d71c7-e083-4b50-bcfe-d58e9f252826', {'lang': 'py', 'task': 'apps.organizations.tasks.activate_scheduled_subscriptions_task', 'id': '073d71c7-e083-4b50-bcfe-d58e9f252826', 'shadow': None, 'eta': None, 'expires': None, 'group': None, 'group_index': None, 'retries': 0, 'timelimit': [None, None], 'root_id': '073d71c7-e083-4b50-bcfe-d58e9f252826', 'parent_id': None, 'argsrepr': '()', 'kwargsrepr': '{}', 'origin': 'gen1190@MUTHUKRISHNAN', 'ignore_result': False, 'replaced_task_nesting': 0, 'stamped_headers': None, 'stamps': {}, 'properties': {'correlation_id': '073d71c7-e083-4b50-bcfe-d58e9f252826', 'reply_to': 'd758e68b-f976-31b7-8716-0b377edf4d27', 'delivery_mode': 2, 'delivery_info': {'exchange': '', 'routing_key': 'celery'}, 'priority': 0, 'body_encoding': 'base64', 'delivery_tag': 'f70dbb9a-2d85-425b-aa32-5a140e6d9435'}, 'reply_to': 'd758e68b-f976-31b7-8716-0b377edf4d27', 'correlation_id': '073d71c7-e083-4b50-bcfe-d58e9f252826',... kwargs:{})
[2026-10-06 11:25:53,946: INFO/MainProcess] Task apps.posts.tasks.dispatch_due_posts_task[dbf7b795-77ab-4c10-ab3d-5a4fc0a72222] received
[2026-10-06 11:25:53,946: DEBUG/MainProcess] TaskPool: Apply <function fast_trace_task at 0x7e1c43945260> (args:('apps.posts.tasks.dispatch_due_posts_task', 'dbf7b795-77ab-4c10-ab3d-5a4fc0a72222', {'lang': 'py', 'task': 'apps.posts.tasks.dispatch_due_posts_task', 'id': 'dbf7b795-77ab-4c10-ab3d-5a4fc0a72222', 'shadow': None, 'eta': None, 'expires': None, 'group': None, 'group_index': None, 'retries': 0, 'timelimit': [None, None], 'root_id': 'dbf7b795-77ab-4c10-ab3d-5a4fc0a72222', 'parent_id': None, 'argsrepr': '()', 'kwargsrepr': '{}', 'origin': 'gen1190@MUTHUKRISHNAN', 'ignore_result': False, 'replaced_task_nesting': 0, 'stamped_headers': None, 'stamps': {}, 'properties': {'correlation_id': 'dbf7b795-77ab-4c10-ab3d-5a4fc0a72222', 'reply_to': 'd758e68b-f976-31b7-8716-0b377edf4d27', 'delivery_mode': 2, 'delivery_info': {'exchange': '', 'routing_key': 'celery'}, 'priority': 0, 'body_encoding': 'base64', 'delivery_tag': '6936149b-589b-4cac-9b5a-a9bc093d5742'}, 'reply_to': 'd758e68b-f976-31b7-8716-0b377edf4d27', 'correlation_id': 'dbf7b795-77ab-4c10-ab3d-5a4fc0a72222', 'hostname': 'celery@MUTHUKRISHNAN', 'delivery_info':... kwargs:{})
[2026-10-06 11:25:53,958: INFO/MainProcess] Task apps.insights.tasks.reconcile_insights_sync_work_task[90df8b8a-4e97-4a4a-80d1-5989c4f1de54] received
[2026-10-06 11:25:53,958: DEBUG/MainProcess] TaskPool: Apply <function fast_trace_task at 0x7e1c43945260> (args:('apps.insights.tasks.reconcile_insights_sync_work_task', '90df8b8a-4e97-4a4a-80d1-5989c4f1de54', {'lang': 'py', 'task': 'apps.insights.tasks.reconcile_insights_sync_work_task', 'id': '90df8b8a-4e97-4a4a-80d1-5989c4f1de54', 'shadow': None, 'eta': None, 'expires': None, 'group': None, 'group_index': None, 'retries': 0, 'timelimit': [None, None], 'root_id': '90df8b8a-4e97-4a4a-80d1-5989c4f1de54', 'parent_id': None, 'argsrepr': '()', 'kwargsrepr': '{}', 'origin': 'gen1190@MUTHUKRISHNAN', 'ignore_result': False, 'replaced_task_nesting': 0, 'stamped_headers': None, 'stamps': {}, 'properties': {'correlation_id': '90df8b8a-4e97-4a4a-80d1-5989c4f1de54', 'reply_to': 'd758e68b-f976-31b7-8716-0b377edf4d27', 'delivery_mode': 2, 'delivery_info': {'exchange': '', 'routing_key': 'celery'}, 'priority': 0, 'body_encoding': 'base64', 'delivery_tag': 'b0ee2c9a-fbcc-4477-81d8-101d5d1a26c6'}, 'reply_to': 'd758e68b-f976-31b7-8716-0b377edf4d27', 'correlation_id': '90df8b8a-4e97-4a4a-80d1-5989c4f1de54', 'hostname':... kwargs:{})
[2026-10-06 11:25:56,141: INFO/ForkPoolWorker-2] Task apps.insights.tasks.reconcile_insights_sync_work_task[90df8b8a-4e97-4a4a-80d1-5989c4f1de54] succeeded in 3.916718110000147s: {'candidates': 0, 'publish_attempts': 0, 'published': 0}
[2026-10-06 11:25:57,043: INFO/ForkPoolWorker-1] Task apps.posts.tasks.dispatch_due_posts_task[dbf7b795-77ab-4c10-ab3d-5a4fc0a72222] succeeded in 4.830071020000105s: None
[2026-10-06 11:25:57,588: INFO/ForkPoolWorker-8] Task apps.organizations.tasks.activate_scheduled_subscriptions_task[073d71c7-e083-4b50-bcfe-d58e9f252826] succeeded in 5.488949929999762s: {'activated_count': 0}
